-- --------------------------------------------------------
-- Host:                         doddev.cpezfbtz6fl6.us-east-1.rds.amazonaws.com
-- Server version:               5.7.22-log - Source distribution
-- Server OS:                    Linux
-- HeidiSQL Version:             9.5.0.5196
-- --------------------------------------------------------

/*!40101 SET @OLD_CHARACTER_SET_CLIENT=@@CHARACTER_SET_CLIENT */;
/*!40101 SET NAMES utf8 */;
/*!50503 SET NAMES utf8mb4 */;
/*!40014 SET @OLD_FOREIGN_KEY_CHECKS=@@FOREIGN_KEY_CHECKS, FOREIGN_KEY_CHECKS=0 */;
/*!40101 SET @OLD_SQL_MODE=@@SQL_MODE, SQL_MODE='NO_AUTO_VALUE_ON_ZERO' */;


-- Dumping database structure for dod_db
CREATE DATABASE IF NOT EXISTS `dod_db` /*!40100 DEFAULT CHARACTER SET latin1 */;
USE `dod_db`;

-- Dumping structure for table dod_db.hibernate_sequence
CREATE TABLE IF NOT EXISTS `hibernate_sequence` (
  `next_val` bigint(20) DEFAULT NULL
) ENGINE=InnoDB DEFAULT CHARSET=latin1;

-- Dumping data for table dod_db.hibernate_sequence: ~0 rows (approximately)
/*!40000 ALTER TABLE `hibernate_sequence` DISABLE KEYS */;
INSERT IGNORE INTO `hibernate_sequence` (`next_val`) VALUES
	(9966);
/*!40000 ALTER TABLE `hibernate_sequence` ENABLE KEYS */;

-- Dumping structure for table dod_db.stock
CREATE TABLE IF NOT EXISTS `stock` (
  `stock_id` int(11) NOT NULL AUTO_INCREMENT,
  `symbol` varchar(50) DEFAULT NULL,
  `company_name` varchar(50) DEFAULT NULL,
  PRIMARY KEY (`stock_id`)
) ENGINE=InnoDB AUTO_INCREMENT=32 DEFAULT CHARSET=latin1;

-- Dumping data for table dod_db.stock: ~31 rows (approximately)
/*!40000 ALTER TABLE `stock` DISABLE KEYS */;
INSERT IGNORE INTO `stock` (`stock_id`, `symbol`, `company_name`) VALUES
	(1, 'MMM', '3M'),
	(2, 'AXP', 'American Express'),
	(3, 'AAPL', 'Apple'),
	(4, 'BA', 'Boeing'),
	(5, 'CAT', 'Caterpillar'),
	(6, 'CVX', 'Chevron'),
	(7, 'CSCO', 'Cisco'),
	(8, 'KO', 'Coca-Cola'),
	(9, 'DIS', 'The Walt Disney Company'),
	(10, 'DD', 'DowDuPont'),
	(11, 'XOM', 'ExxonMobil'),
	(12, 'GE', 'General Electric '),
	(13, 'GS', 'Goldman Sachs'),
	(14, 'HD', 'The Home Depot'),
	(15, 'IBM', 'IBM'),
	(16, 'INTC', 'Intel'),
	(17, 'JNJ', 'Johnson & Johnson'),
	(18, 'JPM', 'JPMorgan Chase'),
	(19, 'MCD', 'McDonald\'s'),
	(20, 'MRK', 'Merck'),
	(21, 'MSFT', 'Microsoft'),
	(22, 'NKE', 'Nike'),
	(23, 'PFE', 'Pfizer'),
	(24, 'PG', 'Procter & Gamble'),
	(25, 'TRV', 'Travelers Companies, Inc.'),
	(26, 'RTX', 'United Technologies'),
	(27, 'UNH', 'UnitedHealth'),
	(28, 'VZ', 'Verizon'),
	(29, 'V', 'Visa'),
	(30, 'WMT', 'Wal-Mart'),
	(31, 'SPY', 'S&P 500');
/*!40000 ALTER TABLE `stock` ENABLE KEYS */;

-- Dumping structure for table dod_db.stock_history
CREATE TABLE IF NOT EXISTS `stock_history` (
  `id` int(11) NOT NULL AUTO_INCREMENT,
  `stock_id` int(11) DEFAULT NULL,
  `latest_price` float DEFAULT NULL,
  `dividend_yield` float DEFAULT NULL,
  `latest_time` date DEFAULT NULL,
  PRIMARY KEY (`id`),
  KEY `FK1_STK_HISTORY_STOCK_STOCK_ID` (`stock_id`),
  KEY `idx_latest_time` (`latest_time`),
  KEY `latest_time` (`latest_time`),
  CONSTRAINT `FK1_STK_HISTORY_STOCK_STOCK_ID` FOREIGN KEY (`stock_id`) REFERENCES `stock` (`stock_id`)
) ENGINE=InnoDB AUTO_INCREMENT=9604 DEFAULT CHARSET=latin1;

-- Dumping data for table dod_db.stock_history: ~1,022 rows (approximately)
/*!40000 ALTER TABLE `stock_history` DISABLE KEYS */;
INSERT IGNORE INTO `stock_history` (`id`, `stock_id`, `latest_price`, `dividend_yield`, `latest_time`) VALUES
	(0, 30, 121.84, 0.0173785, '2020-04-08'),
	(2028, 10, 40.5, 0.0509194, '2020-03-06'),
	(2029, 3, 289.03, 0.0103783, '2020-03-06'),
	(2030, 7, 39.68, 0.0353803, '2020-03-06'),
	(2031, 6, 95.32, 0.0489762, '2020-03-06'),
	(2032, 28, 56.87, 0.0425997, '2020-03-06'),
	(2033, 18, 108.08, 0.0298324, '2020-03-06'),
	(2034, 17, 142.03, 0.0264066, '2020-03-06'),
	(2035, 20, 82.2, 0.0277029, '2020-03-06'),
	(2036, 23, 35.02, 0.0411732, '2020-03-06'),
	(2037, 27, 283.87, 0.014631, '2020-03-06'),
	(2038, 21, 161.57, 0.0116678, '2020-03-06'),
	(2039, 15, 127.73, 0.0496333, '2020-03-06'),
	(2040, 29, 184.36, 0.00561617, '2020-03-06'),
	(2041, 26, 126.48, 0.0232521, '2020-03-06'),
	(2042, 25, 124.84, 0.0252304, '2020-03-06'),
	(2043, 31, 297.46, 0.0185757, '2020-03-06'),
	(2044, 12, 9.4, 0.00396825, '2020-03-06'),
	(2045, 8, 55.26, 0.0281988, '2020-03-06'),
	(2046, 22, 88.36, 0.00999117, '2020-03-06'),
	(2047, 1, 153.65, 0.0380424, '2020-03-06'),
	(2048, 13, 192.85, 0.0208763, '2020-03-06'),
	(2049, 9, 115.27, 0.0154413, '2020-03-06'),
	(2050, 19, 198.86, 0.0238503, '2020-03-06'),
	(2051, 16, 55.77, 0.0221208, '2020-03-06'),
	(2052, 5, 121.41, 0.0309912, '2020-03-06'),
	(2053, 11, 47.69, 0.0684494, '2020-03-06'),
	(2054, 24, 121.66, 0.0242942, '2020-03-06'),
	(2055, 2, 108.24, 0.0147828, '2020-03-06'),
	(2056, 14, 228.51, 0.0231677, '2020-03-06'),
	(2057, 4, 262.33, 0.0315705, '2020-03-06'),
	(2058, 30, 117.23, 0.0182885, '2020-03-06'),
	(2203, 10, 40.5, 0.0533333, '2020-03-06'),
	(2204, 3, 289.03, 0.0105179, '2020-03-06'),
	(2205, 7, 39.68, 0.0352823, '2020-03-06'),
	(2206, 6, 95.32, 0.0499371, '2020-03-06'),
	(2207, 28, 56.87, 0.042817, '2020-03-06'),
	(2209, 17, 142.03, 0.0264029, '2020-03-06'),
	(2210, 20, 82.2, 0.0274939, '2020-03-06'),
	(2211, 23, 35.02, 0.0416905, '2020-03-06'),
	(2212, 27, 283.87, 0.0145841, '2020-03-06'),
	(2213, 21, 161.57, 0.0120072, '2020-03-06'),
	(2214, 15, 127.73, 0.0503406, '2020-03-06'),
	(2215, 29, 184.36, 0.00569538, '2020-03-06'),
	(2216, 26, 126.48, 0.0232448, '2020-03-06'),
	(2217, 25, 124.84, 0.0258731, '2020-03-06'),
	(2218, 31, 297.46, 0.0188879, '2020-03-06'),
	(2219, 12, 9.4, 0.00425532, '2020-03-06'),
	(2220, 8, 55.26, 0.028954, '2020-03-06'),
	(2221, 22, 88.36, 0.0102422, '2020-03-06'),
	(2222, 1, 153.65, 0.0374878, '2020-03-06'),
	(2223, 13, 192.85, 0.0215193, '2020-03-06'),
	(2224, 9, 115.27, 0.0152685, '2020-03-06'),
	(2225, 19, 198.86, 0.0237856, '2020-03-06'),
	(2226, 16, 55.77, 0.0225928, '2020-03-06'),
	(2227, 5, 121.41, 0.0311342, '2020-03-06'),
	(2228, 11, 47.69, 0.0719228, '2020-03-06'),
	(2229, 24, 121.66, 0.0242882, '2020-03-06'),
	(2230, 2, 108.24, 0.0151515, '2020-03-06'),
	(2231, 14, 228.51, 0.0238064, '2020-03-06'),
	(2232, 4, 262.33, 0.0313346, '2020-03-06'),
	(2233, 30, 117.23, 0.0180841, '2020-03-06'),
	(2386, 10, 32.06, 0.0673737, '2020-03-18'),
	(2387, 3, 246.67, 0.0123242, '2020-03-18'),
	(2388, 7, 37.12, 0.0377155, '2020-03-18'),
	(2389, 6, 55.05, 0.0864668, '2020-03-18'),
	(2390, 28, 54.32, 0.044827, '2020-03-18'),
	(2391, 18, 83.89, 0.0405293, '2020-03-18'),
	(2392, 17, 134.96, 0.027786, '2020-03-18'),
	(2393, 20, 71.63, 0.031551, '2020-03-18'),
	(2394, 23, 32.36, 0.0451174, '2020-03-18'),
	(2395, 27, 217.06, 0.0190731, '2020-03-18'),
	(2396, 21, 140.4, 0.0138177, '2020-03-18'),
	(2397, 15, 103.55, 0.0620956, '2020-03-18'),
	(2398, 29, 148.48, 0.00707166, '2020-03-18'),
	(2399, 26, 79.4, 0.0370277, '2020-03-18'),
	(2400, 25, 81.69, 0.0395397, '2020-03-18'),
	(2401, 31, 240, 0.0182721, '2020-03-18'),
	(2402, 12, 6.6, 0.00606061, '2020-03-18'),
	(2403, 8, 44.85, 0.0356745, '2020-03-18'),
	(2404, 22, 68.04, 0.013301, '2020-03-18'),
	(2405, 1, 137.02, 0.0420377, '2020-03-18'),
	(2406, 13, 140.02, 0.0296386, '2020-03-18'),
	(2407, 9, 88.8, 0.0198198, '2020-03-18'),
	(2408, 19, 137.3, 0.0344501, '2020-03-18'),
	(2409, 16, 47.61, 0.026465, '2020-03-18'),
	(2410, 5, 100.12, 0.0377547, '2020-03-18'),
	(2411, 11, 33.12, 0.103563, '2020-03-18'),
	(2412, 24, 117.45, 0.0251588, '2020-03-18'),
	(2413, 2, 73.75, 0.0222373, '2020-03-18'),
	(2414, 14, 155.63, 0.0349547, '2020-03-18'),
	(2415, 4, 101.89, 0.0806752, '2020-03-18'),
	(2416, 30, 122.58, 0.0172948, '2020-03-18'),
	(2467, 10, 32.06, 0.0673737, '2020-03-18'),
	(2468, 3, 246.67, 0.0123242, '2020-03-18'),
	(2469, 7, 37.12, 0.0377155, '2020-03-18'),
	(2470, 6, 55.05, 0.0864668, '2020-03-18'),
	(2471, 28, 54.32, 0.044827, '2020-03-18'),
	(2472, 18, 83.89, 0.0405293, '2020-03-18'),
	(2473, 17, 134.96, 0.027786, '2020-03-18'),
	(2474, 20, 71.63, 0.031551, '2020-03-18'),
	(2475, 23, 32.36, 0.0451174, '2020-03-18'),
	(2476, 27, 217.06, 0.0190731, '2020-03-18'),
	(2477, 21, 140.4, 0.0138177, '2020-03-18'),
	(2478, 15, 103.55, 0.0620956, '2020-03-18'),
	(2479, 29, 148.48, 0.00707166, '2020-03-18'),
	(2480, 26, 79.4, 0.0370277, '2020-03-18'),
	(2481, 25, 81.69, 0.0395397, '2020-03-18'),
	(2482, 31, 240, 0.0182721, '2020-03-18'),
	(2483, 12, 6.6, 0.00606061, '2020-03-18'),
	(2484, 8, 44.85, 0.0356745, '2020-03-18'),
	(2485, 22, 68.04, 0.013301, '2020-03-18'),
	(2486, 1, 137.02, 0.0420377, '2020-03-18'),
	(2487, 13, 140.02, 0.0296386, '2020-03-18'),
	(2488, 9, 88.8, 0.0198198, '2020-03-18'),
	(2489, 19, 137.3, 0.0344501, '2020-03-18'),
	(2490, 16, 47.61, 0.026465, '2020-03-18'),
	(2491, 5, 100.12, 0.0377547, '2020-03-18'),
	(2492, 11, 33.12, 0.103563, '2020-03-18'),
	(2493, 24, 117.45, 0.0251588, '2020-03-18'),
	(2494, 2, 73.75, 0.0222373, '2020-03-18'),
	(2495, 14, 155.63, 0.0349547, '2020-03-18'),
	(2496, 4, 101.89, 0.0806752, '2020-03-18'),
	(2497, 30, 122.58, 0.0172948, '2020-03-18'),
	(2498, 10, 32.06, 0.0673737, '2020-03-18'),
	(2499, 3, 246.67, 0.0123242, '2020-03-18'),
	(2500, 7, 37.12, 0.0377155, '2020-03-18'),
	(2501, 6, 55.05, 0.0864668, '2020-03-18'),
	(2502, 28, 54.32, 0.044827, '2020-03-18'),
	(2503, 18, 83.89, 0.0405293, '2020-03-18'),
	(2504, 17, 134.96, 0.027786, '2020-03-18'),
	(2505, 20, 71.63, 0.031551, '2020-03-18'),
	(2506, 23, 32.36, 0.0451174, '2020-03-18'),
	(2507, 27, 217.06, 0.0190731, '2020-03-18'),
	(2508, 21, 140.4, 0.0138177, '2020-03-18'),
	(2509, 15, 103.55, 0.0620956, '2020-03-18'),
	(2510, 29, 148.48, 0.00707166, '2020-03-18'),
	(2511, 26, 79.4, 0.0370277, '2020-03-18'),
	(2512, 25, 81.69, 0.0395397, '2020-03-18'),
	(2513, 31, 240, 0.0182721, '2020-03-18'),
	(2514, 12, 6.6, 0.00606061, '2020-03-18'),
	(2515, 8, 44.85, 0.0356745, '2020-03-18'),
	(2516, 22, 68.04, 0.013301, '2020-03-18'),
	(2517, 1, 137.02, 0.0420377, '2020-03-18'),
	(2518, 13, 140.02, 0.0296386, '2020-03-18'),
	(2519, 9, 88.8, 0.0198198, '2020-03-18'),
	(2520, 19, 137.3, 0.0344501, '2020-03-18'),
	(2521, 16, 47.61, 0.026465, '2020-03-18'),
	(2522, 5, 100.12, 0.0377547, '2020-03-18'),
	(2523, 11, 33.12, 0.103563, '2020-03-18'),
	(2524, 24, 117.45, 0.0251588, '2020-03-18'),
	(2525, 2, 73.75, 0.0222373, '2020-03-18'),
	(2526, 14, 155.63, 0.0349547, '2020-03-18'),
	(2527, 4, 101.89, 0.0806752, '2020-03-18'),
	(2528, 30, 122.58, 0.0172948, '2020-03-18'),
	(2579, 10, 32.06, 0.0673737, '2020-03-18'),
	(2580, 3, 246.67, 0.0123242, '2020-03-18'),
	(2581, 7, 37.12, 0.0377155, '2020-03-18'),
	(2582, 6, 55.05, 0.0864668, '2020-03-18'),
	(2583, 28, 54.32, 0.044827, '2020-03-18'),
	(2584, 18, 83.89, 0.0405293, '2020-03-18'),
	(2585, 17, 134.96, 0.027786, '2020-03-18'),
	(2586, 20, 71.63, 0.031551, '2020-03-18'),
	(2587, 23, 32.36, 0.0451174, '2020-03-18'),
	(2588, 27, 217.06, 0.0190731, '2020-03-18'),
	(2589, 21, 140.4, 0.0138177, '2020-03-18'),
	(2590, 15, 103.55, 0.0620956, '2020-03-18'),
	(2591, 29, 148.48, 0.00707166, '2020-03-18'),
	(2592, 26, 79.4, 0.0370277, '2020-03-18'),
	(2593, 25, 81.69, 0.0395397, '2020-03-18'),
	(2594, 31, 240, 0.0182721, '2020-03-18'),
	(2595, 12, 6.6, 0.00606061, '2020-03-18'),
	(2596, 8, 44.85, 0.0356745, '2020-03-18'),
	(2597, 22, 68.04, 0.013301, '2020-03-18'),
	(2598, 1, 137.02, 0.0420377, '2020-03-18'),
	(2599, 13, 140.02, 0.0296386, '2020-03-18'),
	(2600, 9, 88.8, 0.0198198, '2020-03-18'),
	(2601, 19, 137.3, 0.0344501, '2020-03-18'),
	(2602, 16, 47.61, 0.026465, '2020-03-18'),
	(2603, 5, 100.12, 0.0377547, '2020-03-18'),
	(2604, 11, 33.12, 0.103563, '2020-03-18'),
	(2605, 24, 117.45, 0.0251588, '2020-03-18'),
	(2606, 2, 73.75, 0.0222373, '2020-03-18'),
	(2607, 14, 155.63, 0.0349547, '2020-03-18'),
	(2608, 4, 101.89, 0.0806752, '2020-03-18'),
	(2609, 30, 122.58, 0.0172948, '2020-03-18'),
	(4991, 10, 40.78, 0.0555841, '2020-04-09'),
	(4992, 3, 267.99, 0.0114256, '2020-04-09'),
	(4993, 7, 41.2, 0.033541, '2020-04-09'),
	(4994, 6, 84.31, 0.0553617, '2020-04-09'),
	(4995, 28, 57.44, 0.042128, '2020-04-09'),
	(4996, 18, 102.76, 0.0360551, '2020-04-09'),
	(4997, 17, 141.23, 0.0261762, '2020-04-09'),
	(4998, 20, 82.49, 0.0276893, '2020-04-09'),
	(4999, 23, 35.39, 0.0421965, '2020-04-09'),
	(5000, 27, 264.13, 0.0154576, '2020-04-09'),
	(5001, 21, 165.14, 0.0117483, '2020-04-09'),
	(5002, 15, 121.5, 0.0539023, '2020-04-09'),
	(5003, 29, 173.69, 0.00600206, '2020-04-09'),
	(5004, 26, 86.01, 0.0341821, '2020-04-02'),
	(5005, 25, 109.74, 0.0307795, '2020-04-09'),
	(5006, 31, 278.2, 0.021132, '2020-04-09'),
	(5007, 12, 7.14, 0.00547945, '2020-04-09'),
	(5008, 8, 49, 0.0334588, '2020-04-09'),
	(5009, 22, 86.79, 0.0109027, '2020-04-09'),
	(5010, 1, 147.78, 0.0386603, '2020-04-09'),
	(5011, 13, 184.26, 0.0234516, '2020-04-09'),
	(5012, 9, 104.5, 0.0174137, '2020-04-09'),
	(5013, 19, 183.7, 0.0266494, '2020-04-09'),
	(5014, 16, 57.14, 0.0213632, '2020-04-09'),
	(5015, 5, 125.03, 0.0296703, '2020-04-09'),
	(5016, 11, 43.13, 0.0782212, '2020-04-09'),
	(5017, 24, 114.66, 0.0256725, '2020-04-09'),
	(5018, 2, 94.82, 0.0178106, '2020-04-09'),
	(5019, 14, 201.53, 0.0279232, '2020-04-09'),
	(5020, 4, 151.84, 0.0559679, '2020-04-09'),
	(5021, 30, 121.8, 0.0173999, '2020-04-09'),
	(6149, 10, 34.1, 0.0642475, '2020-03-31'),
	(6150, 3, 254.29, 0.0119305, '2020-03-31'),
	(6151, 7, 39.31, 0.0347222, '2020-03-31'),
	(6152, 6, 72.46, 0.0661571, '2020-03-31'),
	(6153, 28, 53.73, 0.0444586, '2020-03-31'),
	(6154, 18, 90.03, 0.0363636, '2020-03-31'),
	(6155, 17, 131.13, 0.0281934, '2020-03-31'),
	(6156, 20, 76.94, 0.0293697, '2020-03-31'),
	(6157, 23, 32.64, 0.0446893, '2020-03-31'),
	(6158, 27, 249.38, 0.0164756, '2020-03-31'),
	(6159, 21, 157.71, 0.0121076, '2020-03-31'),
	(6160, 15, 110.93, 0.0569379, '2020-03-31'),
	(6161, 29, 161.12, 0.00634173, '2020-03-31'),
	(6162, 26, 94.33, 0.0298507, '2020-03-31'),
	(6163, 25, 99.35, 0.0314846, '2020-03-31'),
	(6164, 31, 257.75, 0.0221319, '2020-03-31'),
	(6165, 12, 7.94, 0.00506971, '2020-03-31'),
	(6166, 8, 44.25, 0.0355556, '2020-03-31'),
	(6167, 22, 82.74, 0.0108925, '2020-03-31'),
	(6168, 1, 136.51, 0.0418179, '2020-03-31'),
	(6169, 13, 154.59, 0.0259992, '2020-03-31'),
	(6170, 9, 96.6, 0.0176353, '2020-03-31'),
	(6171, 19, 165.35, 0.028133, '2020-03-31'),
	(6172, 16, 54.12, 0.0227068, '2020-03-31'),
	(6173, 5, 116.04, 0.0338376, '2020-03-31'),
	(6174, 11, 37.97, 0.0914667, '2020-03-31'),
	(6175, 24, 110, 0.0256948, '2020-03-31'),
	(6176, 2, 85.61, 0.0181677, '2020-03-31'),
	(6177, 14, 186.71, 0.0277409, '2020-03-31'),
	(6178, 4, 149.14, 0.0539795, '2020-03-31'),
	(6179, 30, 113.62, 0.0184044, '2020-03-31'),
	(6294, 10, 32.52, 0.0633431, '2020-04-01'),
	(6295, 3, 240.91, 0.0119549, '2020-04-01'),
	(6296, 7, 38.33, 0.0356143, '2020-04-01'),
	(6297, 6, 68.56, 0.0656914, '2020-04-01'),
	(6298, 28, 52.92, 0.0453192, '2020-04-01'),
	(6299, 18, 84.36, 0.0377652, '2020-04-01'),
	(6300, 17, 128.81, 0.0285976, '2020-04-01'),
	(6301, 20, 73.8, 0.0293735, '2020-04-01'),
	(6302, 23, 31.75, 0.0447304, '2020-04-01'),
	(6303, 27, 237.32, 0.0166012, '2020-04-01'),
	(6304, 21, 152.11, 0.0123011, '2020-04-01'),
	(6305, 15, 105.14, 0.0579645, '2020-04-01'),
	(6306, 29, 153.11, 0.00651688, '2020-04-01'),
	(6307, 26, 91.37, 0.0311672, '2020-04-01'),
	(6308, 25, 95.2, 0.0325113, '2020-04-01'),
	(6309, 31, 246.15, 0.0224667, '2020-04-01'),
	(6310, 12, 7.04, 0.00503778, '2020-04-01'),
	(6311, 8, 42.12, 0.0361582, '2020-04-01'),
	(6312, 22, 79.23, 0.01124, '2020-04-01'),
	(6313, 1, 133.14, 0.0421947, '2020-04-01'),
	(6314, 13, 145.29, 0.0268452, '2020-04-01'),
	(6315, 9, 94.92, 0.0182195, '2020-04-01'),
	(6316, 19, 158.17, 0.028606, '2020-04-01'),
	(6317, 16, 51.88, 0.0232816, '2020-04-01'),
	(6318, 5, 111.35, 0.032575, '2020-04-01'),
	(6319, 11, 37.53, 0.0903345, '2020-04-01'),
	(6320, 24, 109.33, 0.0268627, '2020-04-01'),
	(6321, 2, 77.84, 0.0191566, '2020-04-01'),
	(6322, 14, 178.63, 0.0291361, '2020-04-01'),
	(6323, 4, 130.7, 0.055116, '2020-04-01'),
	(6324, 30, 114.14, 0.0186587, '2020-04-01'),
	(6375, 10, 32.51, 0.0664207, '2020-04-02'),
	(6376, 3, 244.93, 0.0126188, '2020-04-02'),
	(6377, 7, 39.8, 0.0365249, '2020-04-02'),
	(6378, 6, 76.12, 0.0694282, '2020-04-02'),
	(6379, 28, 55.25, 0.0460128, '2020-04-02'),
	(6380, 18, 87.51, 0.0403035, '2020-04-02'),
	(6381, 17, 133.15, 0.0291126, '2020-04-02'),
	(6382, 20, 76.87, 0.0306233, '2020-04-02'),
	(6383, 23, 32.87, 0.0459843, '2020-04-02'),
	(6384, 27, 240.44, 0.0174448, '2020-04-02'),
	(6385, 21, 155.26, 0.0127539, '2020-04-02'),
	(6386, 15, 110, 0.0611566, '2020-04-02'),
	(6387, 29, 157.39, 0.00685781, '2020-04-02'),
	(6388, 26, 86.01, 0.0321769, '2020-04-02'),
	(6389, 25, 97.19, 0.0339286, '2020-04-02'),
	(6390, 31, 251.83, 0.0235255, '2020-04-02'),
	(6391, 12, 6.9, 0.00568182, '2020-04-02'),
	(6392, 8, 43.95, 0.0379867, '2020-04-02'),
	(6393, 22, 80.14, 0.011738, '2020-04-02'),
	(6394, 1, 137.91, 0.0432627, '2020-04-02'),
	(6395, 13, 149.93, 0.0285636, '2020-04-02'),
	(6396, 9, 96.97, 0.0185419, '2020-04-02'),
	(6397, 19, 161.5, 0.0299045, '2020-04-02'),
	(6398, 16, 54.35, 0.0242868, '2020-04-02'),
	(6399, 5, 116.74, 0.033947, '2020-04-02'),
	(6400, 11, 40.4, 0.0913936, '2020-04-02'),
	(6401, 24, 114.4, 0.0270273, '2020-04-02'),
	(6402, 2, 76.66, 0.0210689, '2020-04-02'),
	(6403, 14, 181.31, 0.030454, '2020-04-02'),
	(6404, 4, 123.27, 0.0628921, '2020-04-02'),
	(6405, 30, 118.65, 0.0185737, '2020-04-02'),
	(6434, 10, 31.87, 0.0677753, '2020-04-03'),
	(6435, 3, 241.41, 0.0125927, '2020-04-03'),
	(6436, 7, 39.06, 0.0358423, '2020-04-03'),
	(6437, 6, 75.11, 0.0633737, '2020-04-03'),
	(6438, 28, 54.7, 0.0445155, '2020-04-03'),
	(6439, 18, 84.05, 0.0404521, '2020-04-03'),
	(6440, 17, 134.17, 0.0279496, '2020-04-03'),
	(6441, 20, 76.25, 0.0296393, '2020-04-03'),
	(6442, 23, 33.64, 0.0434007, '2020-04-03'),
	(6443, 27, 229.49, 0.01804, '2020-04-03'),
	(6444, 21, 153.83, 0.0126113, '2020-04-03'),
	(6445, 15, 106.34, 0.0604664, '2020-04-03'),
	(6446, 29, 151.85, 0.00691472, '2020-04-03'),
	(6447, 26, 49.93, 0.0341821, '2020-04-03'),
	(6448, 25, 93.89, 0.034402, '2020-04-03'),
	(6449, 31, 248.19, 0.0233321, '2020-04-03'),
	(6450, 12, 6.73, 0.00594354, '2020-04-03'),
	(6451, 8, 43.83, 0.0365047, '2020-04-03'),
	(6452, 22, 78.86, 0.0117931, '2020-04-03'),
	(6453, 1, 133.79, 0.0430525, '2020-04-03'),
	(6454, 13, 146.93, 0.0282447, '2020-04-03'),
	(6455, 9, 93.88, 0.0187473, '2020-04-03'),
	(6456, 19, 160.33, 0.0295017, '2020-04-03'),
	(6457, 16, 54.13, 0.0232773, '2020-04-03'),
	(6458, 5, 114.67, 0.0329642, '2020-04-03'),
	(6459, 11, 39.21, 0.0874777, '2020-04-03'),
	(6460, 24, 115.08, 0.0256769, '2020-04-03'),
	(6461, 2, 73.6, 0.0222826, '2020-04-03'),
	(6462, 14, 178.7, 0.0304421, '2020-04-03'),
	(6463, 4, 124.52, 0.0660135, '2020-04-03'),
	(6464, 30, 119.48, 0.0177436, '2020-04-03'),
	(6798, 10, 35.39, 0.0677753, '2020-04-06'),
	(6799, 3, 262.47, 0.0125927, '2020-04-06'),
	(6800, 7, 41.43, 0.0358423, '2020-04-06'),
	(6801, 6, 80.39, 0.0633737, '2020-04-06'),
	(6802, 28, 56.7, 0.0445155, '2020-04-06'),
	(6803, 18, 89.46, 0.0404521, '2020-04-06'),
	(6804, 17, 139.76, 0.0279496, '2020-04-06'),
	(6805, 20, 80.31, 0.0296393, '2020-04-06'),
	(6806, 23, 34.57, 0.0434007, '2020-04-06'),
	(6807, 27, 248.34, 0.01804, '2020-04-06'),
	(6808, 21, 165.27, 0.0126113, '2020-04-06'),
	(6809, 15, 114.82, 0.0604664, '2020-04-06'),
	(6810, 29, 169.44, 0.00691472, '2020-04-06'),
	(6811, 26, 86.01, 0.0341821, '2020-04-02'),
	(6812, 25, 98.98, 0.034402, '2020-04-06'),
	(6813, 31, 264.86, 0.0233321, '2020-04-06'),
	(6814, 12, 7.23, 0.00594354, '2020-04-06'),
	(6815, 8, 46.67, 0.0365047, '2020-04-06'),
	(6816, 22, 84.63, 0.0117931, '2020-04-06'),
	(6817, 1, 140.7, 0.0430525, '2020-04-06'),
	(6818, 13, 158.23, 0.0282447, '2020-04-06'),
	(6819, 9, 99.58, 0.0187473, '2020-04-06'),
	(6820, 19, 177.04, 0.0295017, '2020-04-06'),
	(6821, 16, 58.43, 0.0232773, '2020-04-06'),
	(6822, 5, 120.43, 0.0329642, '2020-04-06'),
	(6823, 11, 40.47, 0.0874777, '2020-04-06'),
	(6824, 24, 117.81, 0.0256769, '2020-04-06'),
	(6825, 2, 83.87, 0.0222826, '2020-04-06'),
	(6826, 14, 191.33, 0.0304421, '2020-04-06'),
	(6827, 4, 148.77, 0.0660135, '2020-04-06'),
	(6828, 30, 126.07, 0.0177436, '2020-04-06'),
	(6829, 10, 37.26, 0.0610342, '2020-04-07'),
	(6830, 3, 259.43, 0.0115823, '2020-04-07'),
	(6831, 7, 40.64, 0.0337919, '2020-04-07'),
	(6832, 6, 80.92, 0.0592113, '2020-04-07'),
	(6833, 28, 56.98, 0.0429453, '2020-04-07'),
	(6834, 18, 90.64, 0.0380058, '2020-04-07'),
	(6835, 17, 137.48, 0.0268317, '2020-04-07'),
	(6836, 20, 78.56, 0.028141, '2020-04-07'),
	(6837, 23, 33.61, 0.0422332, '2020-04-07'),
	(6838, 27, 248.04, 0.0166707, '2020-04-07'),
	(6839, 21, 163.49, 0.0117384, '2020-04-07'),
	(6840, 15, 114.94, 0.0560007, '2020-04-07'),
	(6841, 29, 168.59, 0.00619688, '2020-04-07'),
	(6842, 26, 86.01, 0.0341821, '2020-04-02'),
	(6843, 25, 100.78, 0.0326329, '2020-04-07'),
	(6844, 31, 265.13, 0.0218636, '2020-04-07'),
	(6845, 12, 7.03, 0.0055325, '2020-04-07'),
	(6846, 8, 46.51, 0.0342833, '2020-04-07'),
	(6847, 22, 84.16, 0.010989, '2020-04-07'),
	(6848, 1, 144.6, 0.0409382, '2020-04-07'),
	(6849, 13, 166.02, 0.0262276, '2020-04-07'),
	(6850, 9, 101.24, 0.0176742, '2020-04-07'),
	(6851, 19, 175.59, 0.0267171, '2020-04-07'),
	(6852, 16, 58.4, 0.0215643, '2020-04-07'),
	(6853, 5, 121.92, 0.0313875, '2020-04-07'),
	(6854, 11, 41.24, 0.0847541, '2020-04-07'),
	(6855, 24, 112.77, 0.0250819, '2020-04-07'),
	(6856, 2, 87.58, 0.0195541, '2020-04-07'),
	(6857, 14, 192.29, 0.0284326, '2020-04-07'),
	(6858, 4, 141.58, 0.0552531, '2020-04-07'),
	(6859, 30, 121.99, 0.0168161, '2020-04-07'),
	(6877, 10, 38.86, 0.057971, '2020-04-08'),
	(6878, 3, 266.07, 0.011718, '2020-04-08'),
	(6879, 7, 41.74, 0.0344488, '2020-04-08'),
	(6880, 6, 85.98, 0.0588235, '2020-04-08'),
	(6881, 28, 57.8, 0.0427343, '2020-04-08'),
	(6882, 18, 94.3, 0.037511, '2020-04-08'),
	(6883, 17, 143.26, 0.0272767, '2020-04-08'),
	(6884, 20, 81.62, 0.0287678, '2020-04-08'),
	(6885, 23, 34.6, 0.0434395, '2020-04-08'),
	(6886, 27, 267.83, 0.0166909, '2020-04-08'),
	(6887, 21, 165.13, 0.0118662, '2020-04-08'),
	(6888, 15, 119.29, 0.0559422, '2020-04-08'),
	(6889, 29, 174.94, 0.00622813, '2020-04-08'),
	(6890, 26, 86.01, 0.0341821, '2020-04-02'),
	(6891, 25, 104.94, 0.03205, '2020-04-08'),
	(6892, 31, 274.03, 0.0218414, '2020-04-08'),
	(6893, 12, 7.3, 0.0056899, '2020-04-08'),
	(6894, 8, 47.82, 0.0344012, '2020-04-08'),
	(6895, 22, 85.3, 0.0110504, '2020-04-08'),
	(6896, 1, 148.99, 0.039834, '2020-04-08'),
	(6897, 13, 176.96, 0.024997, '2020-04-08'),
	(6898, 9, 101.07, 0.0173844, '2020-04-08'),
	(6899, 19, 177.49, 0.0269378, '2020-04-08'),
	(6900, 16, 58.98, 0.0215753, '2020-04-08'),
	(6901, 5, 127.4, 0.0310039, '2020-04-08'),
	(6902, 11, 43.85, 0.0831717, '2020-04-08'),
	(6903, 24, 115.1, 0.0262029, '2020-04-08'),
	(6904, 2, 92.08, 0.0187257, '2020-04-08'),
	(6905, 14, 194.82, 0.0282906, '2020-04-08'),
	(6906, 4, 146.87, 0.058059, '2020-04-08'),
	(7639, 10, 38.32, 0.0529671, '2020-04-13'),
	(7640, 3, 273.25, 0.0113437, '2020-04-13'),
	(7641, 7, 41.22, 0.0339806, '2020-04-13'),
	(7642, 6, 84.91, 0.0564583, '2020-04-13'),
	(7643, 28, 56.67, 0.0423921, '2020-04-13'),
	(7644, 18, 98.19, 0.0330868, '2020-04-13'),
	(7645, 17, 139.77, 0.0265524, '2020-04-13'),
	(7646, 20, 80.54, 0.0273973, '2020-04-13'),
	(7647, 23, 35.14, 0.0412546, '2020-04-13'),
	(7648, 27, 263.51, 0.0156741, '2020-04-13'),
	(7649, 21, 165.51, 0.0117476, '2020-04-13'),
	(7650, 15, 121.15, 0.0529218, '2020-04-13'),
	(7651, 29, 168.99, 0.00604525, '2020-04-13'),
	(7652, 26, 61.83, 0.0454335, '2020-04-13'),
	(7653, 25, 106.42, 0.0294332, '2020-04-13'),
	(7654, 31, 275.66, 0.0208152, '2020-04-13'),
	(7655, 12, 7.02, 0.00560224, '2020-04-13'),
	(7656, 8, 46.93, 0.0326531, '2020-04-13'),
	(7657, 22, 84.46, 0.0107155, '2020-04-13'),
	(7658, 1, 146.4, 0.0389769, '2020-04-13'),
	(7659, 13, 179.18, 0.0225225, '2020-04-13'),
	(7660, 9, 103.5, 0.0168421, '2020-04-13'),
	(7661, 19, 180.12, 0.0257485, '2020-04-13'),
	(7662, 16, 58.7, 0.0220511, '2020-04-13'),
	(7663, 5, 114.14, 0.0302327, '2020-04-13'),
	(7664, 11, 42.76, 0.079527, '2020-04-13'),
	(7665, 24, 115.95, 0.025771, '2020-04-13'),
	(7666, 2, 90.33, 0.0172959, '2020-04-13'),
	(7667, 14, 198.79, 0.0269935, '2020-04-13'),
	(7668, 4, 147.33, 0.0541359, '2020-04-13'),
	(7669, 30, 125.3, 0.0174056, '2020-04-13'),
	(7677, 10, 38.43, 0.0563674, '2020-04-14'),
	(7678, 3, 287.05, 0.0111253, '2020-04-14'),
	(7679, 7, 42.78, 0.0339641, '2020-04-14'),
	(7680, 6, 84.61, 0.0560594, '2020-04-14'),
	(7681, 28, 58.14, 0.0429681, '2020-04-14'),
	(7682, 18, 95.5, 0.0346267, '2020-04-14'),
	(7683, 17, 146.03, 0.0268298, '2020-04-14'),
	(7684, 20, 82.84, 0.0280606, '2020-04-14'),
	(7685, 23, 36.44, 0.0415481, '2020-04-14'),
	(7686, 27, 270.5, 0.015711, '2020-04-14'),
	(7687, 21, 173.7, 0.0117213, '2020-04-14'),
	(7688, 15, 123.91, 0.0530747, '2020-04-14'),
	(7689, 29, 174.62, 0.00621339, '2020-04-14'),
	(7690, 26, 65.07, 0.0475497, '2020-04-14'),
	(7691, 25, 108.02, 0.0303514, '2020-04-14'),
	(7692, 31, 283.79, 0.021007, '2020-04-14'),
	(7693, 12, 6.93, 0.00569801, '2020-04-14'),
	(7694, 8, 48.92, 0.0340933, '2020-04-14'),
	(7695, 22, 87.47, 0.0110111, '2020-04-14'),
	(7696, 1, 150.14, 0.0393443, '2020-04-14'),
	(7697, 13, 178.23, 0.0231611, '2020-04-14'),
	(7698, 9, 106.03, 0.0170048, '2020-04-14'),
	(7699, 19, 183.99, 0.0262603, '2020-04-14'),
	(7700, 16, 60.66, 0.0214651, '2020-04-14'),
	(7701, 5, 116.48, 0.0331172, '2020-04-14'),
	(7702, 11, 42.43, 0.0802152, '2020-04-14'),
	(7703, 24, 120.96, 0.0254843, '2020-04-14'),
	(7704, 2, 88.39, 0.0181557, '2020-04-14'),
	(7705, 14, 207.17, 0.0273656, '2020-04-14'),
	(7706, 4, 141, 0.0557931, '2020-04-14'),
	(7707, 30, 129, 0.0169194, '2020-04-14'),
	(7782, 10, 35.57, 0.0562061, '2020-04-15'),
	(7783, 3, 284.43, 0.0105905, '2020-04-15'),
	(7784, 7, 41.52, 0.0327256, '2020-04-15'),
	(7785, 6, 82.49, 0.0562581, '2020-04-15'),
	(7786, 28, 56.93, 0.0418817, '2020-04-15'),
	(7787, 18, 90.79, 0.0356021, '2020-04-15'),
	(7788, 17, 147.66, 0.0260221, '2020-04-15'),
	(7789, 20, 82.07, 0.0272815, '2020-04-15'),
	(7790, 23, 35.97, 0.0400659, '2020-04-15'),
	(7791, 27, 281.68, 0.015305, '2020-04-15'),
	(7792, 21, 171.88, 0.0111687, '2020-04-15'),
	(7793, 15, 118.69, 0.0518925, '2020-04-15'),
	(7794, 29, 165.96, 0.00601306, '2020-04-15'),
	(7795, 26, 62.33, 0.0451821, '2020-04-15'),
	(7796, 25, 102.17, 0.0299019, '2020-04-15'),
	(7797, 31, 277.76, 0.0204052, '2020-04-15'),
	(7798, 12, 6.5, 0.00577201, '2020-04-15'),
	(7799, 8, 47.61, 0.0327065, '2020-04-15'),
	(7800, 22, 85.04, 0.0106322, '2020-04-15'),
	(7801, 1, 145.16, 0.0383642, '2020-04-15'),
	(7802, 13, 178.52, 0.0232845, '2020-04-15'),
	(7803, 9, 103.37, 0.0165991, '2020-04-15'),
	(7804, 19, 177.84, 0.0257079, '2020-04-15'),
	(7805, 16, 58.87, 0.0207715, '2020-04-15'),
	(7806, 5, 111.53, 0.0324519, '2020-04-15'),
	(7807, 11, 40.48, 0.080839, '2020-04-15'),
	(7808, 24, 121.22, 0.0244287, '2020-04-15'),
	(7809, 2, 83.79, 0.0185541, '2020-04-15'),
	(7810, 14, 198.48, 0.0262586, '2020-04-15'),
	(7811, 4, 145.98, 0.0582979, '2020-04-15'),
	(7812, 30, 128.76, 0.0164341, '2020-04-15'),
	(7867, 10, 36.22, 0.0607253, '2020-04-16'),
	(7868, 3, 286.69, 0.010688, '2020-04-16'),
	(7869, 7, 41.5, 0.0337187, '2020-04-16'),
	(7870, 6, 79.99, 0.057704, '2020-04-16'),
	(7871, 28, 57.66, 0.0427718, '2020-04-16'),
	(7872, 18, 87.33, 0.0385505, '2020-04-16'),
	(7873, 17, 149.67, 0.0257348, '2020-04-16'),
	(7874, 20, 83, 0.0275375, '2020-04-16'),
	(7875, 23, 35.88, 0.0405894, '2020-04-16'),
	(7876, 27, 298.43, 0.0153366, '2020-04-16'),
	(7877, 21, 177.04, 0.0112869, '2020-04-16'),
	(7878, 15, 115.73, 0.0541747, '2020-04-16'),
	(7879, 29, 162.42, 0.00632683, '2020-04-16'),
	(7880, 26, 62.45, 0.0471683, '2020-04-16'),
	(7881, 25, 99.81, 0.031614, '2020-04-16'),
	(7882, 31, 279.1, 0.0208482, '2020-04-16'),
	(7883, 12, 6.24, 0.00615385, '2020-04-16'),
	(7884, 8, 47.1, 0.0336064, '2020-04-16'),
	(7885, 22, 86.3, 0.010936, '2020-04-16'),
	(7886, 1, 144.9, 0.0396804, '2020-04-16'),
	(7887, 13, 177.04, 0.0257674, '2020-04-16'),
	(7888, 9, 102.02, 0.0170262, '2020-04-16'),
	(7889, 19, 179.5, 0.0265969, '2020-04-16'),
	(7890, 16, 60.79, 0.0214031, '2020-04-16'),
	(7891, 5, 113.22, 0.0338922, '2020-04-16'),
	(7892, 11, 39.15, 0.0847332, '2020-04-16'),
	(7893, 24, 121.5, 0.0243763, '2020-04-16'),
	(7894, 2, 81.35, 0.0195727, '2020-04-16'),
	(7895, 14, 199.85, 0.0274083, '2020-04-16'),
	(7896, 4, 134.24, 0.0563091, '2020-04-16'),
	(7897, 30, 132.33, 0.0164647, '2020-04-16'),
	(7933, 10, 38.36, 0.0596356, '2020-04-17'),
	(7934, 3, 282.84, 0.0106038, '2020-04-17'),
	(7935, 7, 42.49, 0.0337349, '2020-04-17'),
	(7936, 6, 87.17, 0.0595074, '2020-04-17'),
	(7937, 28, 58.46, 0.0422303, '2020-04-17'),
	(7938, 18, 95.18, 0.0400779, '2020-04-17'),
	(7939, 17, 152.02, 0.0253892, '2020-04-17'),
	(7940, 20, 83.46, 0.0272289, '2020-04-17'),
	(7941, 23, 36.91, 0.0406912, '2020-04-17'),
	(7942, 27, 290.56, 0.0144758, '2020-04-17'),
	(7943, 21, 178.61, 0.010958, '2020-04-17'),
	(7944, 15, 120.12, 0.0555604, '2020-04-17'),
	(7945, 29, 169.54, 0.00646472, '2020-04-17'),
	(7946, 26, 66.07, 0.0470777, '2020-04-17'),
	(7947, 25, 105.07, 0.0323615, '2020-04-17'),
	(7948, 31, 286.64, 0.0207481, '2020-04-17'),
	(7949, 12, 6.84, 0.00641026, '2020-04-17'),
	(7950, 8, 48.06, 0.0339703, '2020-04-17'),
	(7951, 22, 89.91, 0.0107764, '2020-04-17'),
	(7952, 1, 146.46, 0.0397516, '2020-04-17'),
	(7953, 13, 183.49, 0.0259828, '2020-04-17'),
	(7954, 9, 106.63, 0.0172515, '2020-04-17'),
	(7955, 19, 186.1, 0.026351, '2020-04-17'),
	(7956, 16, 60.26, 0.0207271, '2020-04-17'),
	(7957, 5, 116.3, 0.0333863, '2020-04-17'),
	(7958, 11, 43.22, 0.0876117, '2020-04-17'),
	(7959, 24, 124.69, 0.0243202, '2020-04-17'),
	(7960, 2, 87.39, 0.0201598, '2020-04-17'),
	(7961, 14, 209.42, 0.0272204, '2020-04-17'),
	(7962, 4, 154, 0.0612336, '2020-04-17'),
	(7963, 30, 132.12, 0.0160206, '2020-04-17'),
	(8050, 10, 39.72, 0.0563087, '2020-04-20'),
	(8051, 3, 276.89, 0.0107496, '2020-04-20'),
	(8052, 7, 42.535, 0.0329567, '2020-04-20'),
	(8053, 6, 83.57, 0.0546059, '2020-04-20'),
	(8054, 28, 58.13, 0.0416524, '2020-04-20'),
	(8055, 18, 91.71, 0.0367724, '2020-04-20'),
	(8056, 17, 151.67, 0.0249967, '2020-04-20'),
	(8057, 20, 83.1, 0.0270788, '2020-04-20'),
	(8058, 23, 36.08, 0.0395557, '2020-04-20'),
	(8059, 27, 282.14, 0.0148678, '2020-04-20'),
	(8060, 21, 175, 0.0108623, '2020-04-20'),
	(8061, 15, 120.41, 0.0535298, '2020-04-20'),
	(8062, 29, 164.22, 0.00619323, '2020-04-20'),
	(8063, 26, 64.98, 0.0444983, '2020-04-20'),
	(8064, 25, 101.78, 0.0307414, '2020-04-20'),
	(8065, 31, 281.59, 0.0202023, '2020-04-20'),
	(8066, 12, 6.51, 0.00584795, '2020-04-20'),
	(8067, 8, 46.53, 0.0332917, '2020-04-20'),
	(8068, 22, 87.9, 0.0103437, '2020-04-20'),
	(8069, 1, 143.67, 0.0393281, '2020-04-20'),
	(8070, 13, 180.4, 0.0250695, '2020-04-20'),
	(8071, 9, 102.26, 0.0165057, '2020-04-20'),
	(8072, 19, 181.65, 0.0254164, '2020-04-20'),
	(8073, 16, 59.2, 0.0208748, '2020-04-20'),
	(8074, 5, 114.6, 0.0325021, '2020-04-20'),
	(8075, 11, 41.18, 0.0793614, '2020-04-20'),
	(8076, 24, 120.6, 0.0239281, '2020-04-20'),
	(8077, 2, 84.01, 0.0187664, '2020-04-20'),
	(8078, 14, 206.05, 0.0259765, '2020-04-20'),
	(8079, 4, 143.61, 0.0533766, '2020-04-20'),
	(8080, 30, 129.85, 0.016046, '2020-04-20'),
	(8474, 10, 39.07, 0.0543807, '2020-04-21'),
	(8475, 3, 268.5, 0.0109775, '2020-04-21'),
	(8476, 7, 40.585, 0.0329102, '2020-04-21'),
	(8477, 6, 81.64, 0.0569582, '2020-04-21'),
	(8478, 28, 56.82, 0.0418889, '2020-04-21'),
	(8479, 18, 89.05, 0.0381638, '2020-04-21'),
	(8480, 17, 149.68, 0.0250544, '2020-04-21'),
	(8481, 20, 78.56, 0.0271961, '2020-04-21'),
	(8482, 23, 35.62, 0.0404656, '2020-04-21'),
	(8483, 27, 274.19, 0.0153115, '2020-04-21'),
	(8484, 21, 167.71, 0.0110819, '2020-04-21'),
	(8485, 15, 116.76, 0.0538161, '2020-04-21'),
	(8486, 29, 160.53, 0.00639386, '2020-04-21'),
	(8487, 26, 62.65, 0.0452447, '2020-04-21'),
	(8488, 25, 101.78, 0.0317351, '2020-04-21'),
	(8489, 31, 273.04, 0.0205647, '2020-04-21'),
	(8490, 12, 6.48, 0.00614439, '2020-04-21'),
	(8491, 8, 45.38, 0.0343864, '2020-04-21'),
	(8492, 22, 85.2, 0.0105802, '2020-04-21'),
	(8493, 1, 141.63, 0.0400919, '2020-04-21'),
	(8494, 13, 173.81, 0.0254989, '2020-04-21'),
	(8495, 9, 100.54, 0.017211, '2020-04-21'),
	(8496, 19, 177.58, 0.0260391, '2020-04-21'),
	(8497, 16, 56.36, 0.021291, '2020-04-21'),
	(8498, 5, 109.85, 0.0329843, '2020-04-21'),
	(8499, 11, 40.96, 0.0832929, '2020-04-21'),
	(8500, 24, 119.68, 0.0247396, '2020-04-21'),
	(8501, 2, 81.52, 0.0195215, '2020-04-21'),
	(8502, 14, 200.61, 0.0264014, '2020-04-21'),
	(8503, 4, 136.33, 0.0572384, '2020-04-21'),
	(8504, 30, 129.21, 0.0163265, '2020-04-21'),
	(8549, 10, 39.87, 0.0552854, '2020-04-22'),
	(8550, 3, 276.11, 0.0113276, '2020-04-22'),
	(8551, 7, 41.745, 0.0345253, '2020-04-22'),
	(8552, 6, 84.44, 0.0583048, '2020-04-22'),
	(8553, 28, 57.99, 0.0428546, '2020-04-22'),
	(8554, 18, 89.34, 0.0393038, '2020-04-22'),
	(8555, 17, 152.99, 0.0253875, '2020-04-22'),
	(8556, 20, 79.98, 0.0287678, '2020-04-22'),
	(8557, 23, 36.25, 0.0409882, '2020-04-22'),
	(8558, 27, 277.02, 0.0157555, '2020-04-22'),
	(8559, 21, 173.49, 0.01156, '2020-04-22'),
	(8560, 15, 119.31, 0.0554985, '2020-04-22'),
	(8561, 29, 166.59, 0.00654083, '2020-04-22'),
	(8562, 26, 63.45, 0.0469274, '2020-04-22'),
	(8563, 25, 101.79, 0.0317351, '2020-04-22'),
	(8564, 31, 279.1, 0.0212086, '2020-04-22'),
	(8565, 12, 6.43, 0.00617284, '2020-04-22'),
	(8566, 8, 45.68, 0.0352578, '2020-04-22'),
	(8567, 22, 88.77, 0.0109155, '2020-04-22'),
	(8568, 1, 143.61, 0.0406693, '2020-04-22'),
	(8569, 13, 175.98, 0.0264657, '2020-04-22'),
	(8570, 9, 100.99, 0.0175055, '2020-04-22'),
	(8571, 19, 186.48, 0.0266359, '2020-04-22'),
	(8572, 16, 60.115, 0.0223563, '2020-04-22'),
	(8573, 5, 110.64, 0.0344106, '2020-04-22'),
	(8574, 11, 42.13, 0.0837402, '2020-04-22'),
	(8575, 24, 119.4, 0.0249298, '2020-04-22'),
	(8576, 2, 82.54, 0.0201178, '2020-04-22'),
	(8577, 14, 204.17, 0.0271173, '2020-04-22'),
	(8578, 4, 134.97, 0.0602949, '2020-04-22'),
	(8579, 30, 131.59, 0.0164074, '2020-04-22'),
	(8608, 10, 41.2, 0.0541761, '2020-04-23'),
	(8609, 3, 275.05, 0.0110105, '2020-04-23'),
	(8610, 7, 41.6, 0.0335249, '2020-04-23'),
	(8611, 6, 86.8, 0.0563714, '2020-04-23'),
	(8612, 28, 57.59, 0.04199, '2020-04-23'),
	(8613, 18, 89.39, 0.0391762, '2020-04-23'),
	(8614, 17, 155.51, 0.0248382, '2020-04-23'),
	(8615, 20, 80.88, 0.0282571, '2020-04-23'),
	(8616, 23, 36.69, 0.0402759, '2020-04-23'),
	(8617, 27, 285.33, 0.0155945, '2020-04-23'),
	(8618, 21, 171.3, 0.0111803, '2020-04-23'),
	(8619, 15, 121.35, 0.0543123, '2020-04-23'),
	(8620, 29, 166.38, 0.0063029, '2020-04-23'),
	(8621, 26, 63.29, 0.0463357, '2020-04-23'),
	(8622, 25, 100.45, 0.0322232, '2020-04-23'),
	(8623, 31, 279.08, 0.0207481, '2020-04-23'),
	(8624, 12, 6.52, 0.00622084, '2020-04-23'),
	(8625, 8, 45.07, 0.0352452, '2020-04-23'),
	(8626, 22, 87.35, 0.0104765, '2020-04-23'),
	(8627, 1, 144.33, 0.0401086, '2020-04-23'),
	(8628, 13, 175.05, 0.0261393, '2020-04-23'),
	(8629, 9, 101, 0.0174275, '2020-04-23'),
	(8630, 19, 182.04, 0.0253647, '2020-04-23'),
	(8631, 16, 55.97, 0.0209651, '2020-04-23'),
	(8632, 5, 112.91, 0.0341649, '2020-04-23'),
	(8633, 11, 43.45, 0.0814147, '2020-04-23'),
	(8634, 24, 119.4, 0.0249883, '2020-04-23'),
	(8635, 2, 82.46, 0.0198692, '2020-04-23'),
	(8636, 14, 202.32, 0.0266445, '2020-04-23'),
	(8637, 4, 137.74, 0.0609024, '2020-04-23'),
	(8638, 30, 128.53, 0.0161106, '2020-04-23'),
	(8665, 10, 41.9, 0.0524272, '2020-04-24'),
	(8666, 3, 282.95, 0.0110533, '2020-04-24'),
	(8667, 7, 42.515, 0.0336377, '2020-04-24'),
	(8668, 6, 87.01, 0.0548387, '2020-04-24'),
	(8669, 28, 57.93, 0.0422816, '2020-04-24'),
	(8670, 18, 90.71, 0.0391543, '2020-04-24'),
	(8671, 17, 154.86, 0.0244357, '2020-04-24'),
	(8672, 20, 81.43, 0.0279426, '2020-04-24'),
	(8673, 23, 37.38, 0.0397929, '2020-04-24'),
	(8674, 27, 291.29, 0.0151404, '2020-04-24'),
	(8675, 21, 174.375, 0.0113172, '2020-04-24'),
	(8676, 15, 124.72, 0.0533993, '2020-04-24'),
	(8677, 29, 167.32, 0.00631085, '2020-04-24'),
	(8678, 26, 63.43, 0.0464528, '2020-04-24'),
	(8679, 25, 100.82, 0.0326531, '2020-04-24'),
	(8680, 31, 282.97, 0.0207496, '2020-04-24'),
	(8681, 12, 6.26, 0.00613497, '2020-04-24'),
	(8682, 8, 45.43, 0.0357222, '2020-04-24'),
	(8683, 22, 88.37, 0.0106468, '2020-04-24'),
	(8684, 1, 147, 0.0399085, '2020-04-24'),
	(8685, 13, 177, 0.0262782, '2020-04-24'),
	(8686, 9, 101.19, 0.0174257, '2020-04-24'),
	(8687, 19, 184.02, 0.0259833, '2020-04-24'),
	(8688, 16, 59.29, 0.0215955, '2020-04-24'),
	(8689, 5, 114.04, 0.033478, '2020-04-24'),
	(8690, 11, 43.73, 0.0789413, '2020-04-24'),
	(8691, 24, 118.78, 0.0249883, '2020-04-24'),
	(8692, 2, 83.17, 0.0198884, '2020-04-24'),
	(8693, 14, 212.18, 0.0268881, '2020-04-24'),
	(8694, 4, 128.98, 0.0596777, '2020-04-24'),
	(8695, 30, 129.44, 0.0164942, '2020-04-24'),
	(8878, 10, 43.82, 0.0515513, '2020-04-27'),
	(8879, 3, 282.825, 0.0107432, '2020-04-27'),
	(8880, 7, 43.095, 0.0329257, '2020-04-27'),
	(8881, 6, 89.71, 0.0547064, '2020-04-27'),
	(8882, 28, 57.81, 0.0422493, '2020-04-27'),
	(8883, 18, 94.62, 0.0385845, '2020-04-27'),
	(8884, 17, 154.29, 0.0245383, '2020-04-27'),
	(8885, 20, 83.98, 0.0277539, '2020-04-27'),
	(8886, 23, 38.33, 0.0390583, '2020-04-27'),
	(8887, 27, 293.98, 0.0148306, '2020-04-27'),
	(8888, 21, 173.95, 0.0111143, '2020-04-27'),
	(8889, 15, 125.92, 0.0519564, '2020-04-27'),
	(8890, 29, 171.76, 0.0062754, '2020-04-27'),
	(8891, 26, 65.07, 0.0463503, '2020-04-27'),
	(8892, 25, 102.89, 0.0325332, '2020-04-27'),
	(8893, 31, 287.05, 0.0204644, '2020-04-27'),
	(8894, 12, 6.43, 0.00638978, '2020-04-27'),
	(8895, 8, 46.78, 0.0354391, '2020-04-27'),
	(8896, 22, 89.37, 0.0105239, '2020-04-27'),
	(8897, 1, 153.65, 0.0391837, '2020-04-27'),
	(8898, 13, 183.54, 0.0259887, '2020-04-27'),
	(8899, 9, 106.06, 0.017393, '2020-04-27'),
	(8900, 19, 185.89, 0.0257037, '2020-04-27'),
	(8901, 16, 59.495, 0.0215154, '2020-04-27'),
	(8902, 5, 115.2, 0.0331463, '2020-04-27'),
	(8903, 11, 43.94, 0.0784359, '2020-04-27'),
	(8904, 24, 117.45, 0.0251187, '2020-04-27'),
	(8905, 2, 85.06, 0.0201996, '2020-04-27'),
	(8906, 14, 217.76, 0.0256386, '2020-04-27'),
	(8907, 4, 128.68, 0.0637308, '2020-04-27'),
	(8908, 30, 128.3, 0.0163782, '2020-04-27'),
	(8933, 10, 46.41, 0.0492926, '2020-04-28'),
	(8934, 3, 278.79, 0.0107356, '2020-04-28'),
	(8935, 7, 42.445, 0.0325128, '2020-04-28'),
	(8936, 6, 89.91, 0.0530599, '2020-04-28'),
	(8937, 28, 57.83, 0.042337, '2020-04-28'),
	(8938, 18, 95.29, 0.0369901, '2020-04-28'),
	(8939, 17, 151.39, 0.0246289, '2020-04-28'),
	(8940, 20, 81.18, 0.0269112, '2020-04-28'),
	(8941, 23, 37.91, 0.0380903, '2020-04-28'),
	(8942, 27, 288.36, 0.0146949, '2020-04-28'),
	(8943, 21, 170.63, 0.0111462, '2020-04-28'),
	(8944, 15, 126.27, 0.0514612, '2020-04-28'),
	(8945, 29, 171.25, 0.00611318, '2020-04-28'),
	(8946, 26, 65.39, 0.0451821, '2020-04-28'),
	(8947, 25, 104.29, 0.0318787, '2020-04-28'),
	(8948, 31, 285.73, 0.0201735, '2020-04-28'),
	(8949, 12, 6.8, 0.00622084, '2020-04-28'),
	(8950, 8, 46.74, 0.0344164, '2020-04-28'),
	(8951, 22, 88.8, 0.0104062, '2020-04-28'),
	(8952, 1, 157.61, 0.0374878, '2020-04-28'),
	(8953, 13, 187.01, 0.0250627, '2020-04-28'),
	(8954, 9, 106.21, 0.0165944, '2020-04-28'),
	(8955, 19, 185.93, 0.0254452, '2020-04-28'),
	(8956, 16, 58.75, 0.0214394, '2020-04-28'),
	(8957, 5, 115.46, 0.0328125, '2020-04-28'),
	(8958, 11, 44.97, 0.078061, '2020-04-28'),
	(8959, 24, 116.89, 0.0254031, '2020-04-28'),
	(8960, 2, 88.19, 0.0197508, '2020-04-28'),
	(8961, 14, 217.63, 0.0249816, '2020-04-28'),
	(8962, 4, 131.3, 0.0638794, '2020-04-28'),
	(8963, 30, 128, 0.0165238, '2020-04-28'),
	(9048, 10, 48.17, 0.0448412, '2020-04-29'),
	(9049, 3, 287.73, 0.0105655, '2020-04-29'),
	(9050, 7, 43.34, 0.0323027, '2020-04-29'),
	(9051, 6, 94.62, 0.0503065, '2020-04-29'),
	(9052, 28, 58.12, 0.0421112, '2020-04-29'),
	(9053, 18, 97.86, 0.0357654, '2020-04-29'),
	(9054, 17, 150.24, 0.0252929, '2020-04-29'),
	(9055, 20, 80.77, 0.0287235, '2020-04-29'),
	(9056, 23, 38.12, 0.0388248, '2020-04-29'),
	(9057, 27, 287.65, 0.0150183, '2020-04-29'),
	(9058, 21, 177.43, 0.0109339, '2020-04-29'),
	(9059, 15, 128.69, 0.0503536, '2020-04-29'),
	(9060, 29, 181.79, 0.0057759, '2020-04-29'),
	(9061, 26, 67.9, 0.043299, '2020-04-29'),
	(9062, 25, 106, 0.0309434, '2020-04-29'),
	(9063, 31, 293.21, 0.0197497, '2020-04-29'),
	(9064, 12, 6.58, 0.00607903, '2020-04-29'),
	(9065, 8, 47.12, 0.0341681, '2020-04-29'),
	(9066, 22, 88.07, 0.0105598, '2020-04-29'),
	(9067, 1, 156.26, 0.0370536, '2020-04-29'),
	(9068, 13, 190.03, 0.0242067, '2020-04-29'),
	(9069, 9, 112.25, 0.0156793, '2020-04-29'),
	(9070, 19, 187.82, 0.0251837, '2020-04-29'),
	(9071, 16, 61.8, 0.0206311, '2020-04-29'),
	(9072, 5, 120.06, 0.0329002, '2020-04-29'),
	(9073, 11, 47.46, 0.0722714, '2020-04-29'),
	(9074, 24, 117.08, 0.0254834, '2020-04-29'),
	(9075, 2, 96.12, 0.0174782, '2020-04-29'),
	(9076, 14, 221.81, 0.0245255, '2020-04-29'),
	(9077, 4, 139, 0.0591367, '2020-04-29'),
	(9078, 30, 123.6, 0.0171521, '2020-04-29'),
	(9153, 10, 47.02, 0.0459379, '2020-04-30'),
	(9154, 3, 293.8, 0.0103472, '2020-04-30'),
	(9155, 7, 42.38, 0.0330345, '2020-04-30'),
	(9156, 6, 92, 0.0517391, '2020-04-30'),
	(9157, 28, 57.45, 0.0426023, '2020-04-30'),
	(9158, 18, 95.76, 0.0365497, '2020-04-30'),
	(9159, 17, 150.04, 0.0253266, '2020-04-30'),
	(9160, 20, 79.34, 0.0292412, '2020-04-30'),
	(9161, 23, 38.36, 0.0385819, '2020-04-30'),
	(9162, 27, 292.47, 0.0147707, '2020-04-30'),
	(9163, 21, 179.21, 0.0111043, '2020-04-30'),
	(9164, 15, 125.56, 0.0516088, '2020-04-30'),
	(9165, 29, 178.72, 0.00587511, '2020-04-30'),
	(9166, 26, 64.81, 0.0453634, '2020-04-30'),
	(9167, 25, 101.21, 0.0324079, '2020-04-30'),
	(9168, 31, 290.48, 0.0199353, '2020-04-30'),
	(9169, 12, 6.8, 0.00588235, '2020-04-30'),
	(9170, 8, 45.89, 0.0350839, '2020-04-30'),
	(9171, 22, 87.18, 0.0106676, '2020-04-30'),
	(9172, 1, 151.92, 0.0381122, '2020-04-30'),
	(9173, 13, 183.42, 0.0250791, '2020-04-30'),
	(9174, 9, 108.15, 0.0162737, '2020-04-30'),
	(9175, 19, 187.56, 0.0252186, '2020-04-30'),
	(9176, 16, 59.98, 0.0212571, '2020-04-30'),
	(9177, 5, 116.38, 0.0339405, '2020-04-30'),
	(9178, 11, 46.47, 0.0738111, '2020-04-30'),
	(9179, 24, 117.87, 0.0253126, '2020-04-30'),
	(9180, 2, 91.25, 0.018411, '2020-04-30'),
	(9181, 14, 219.83, 0.0247464, '2020-04-30'),
	(9182, 4, 141.02, 0.0582896, '2020-04-30'),
	(9183, 30, 121.55, 0.0174414, '2020-04-30'),
	(9223, 10, 45.07, 0.0479254, '2020-05-01'),
	(9224, 3, 289.07, 0.0106549, '2020-05-01'),
	(9225, 7, 40.92, 0.0342131, '2020-05-01'),
	(9226, 6, 89.44, 0.05322, '2020-05-01'),
	(9227, 28, 56.83, 0.043067, '2020-05-01'),
	(9228, 18, 93.25, 0.0375335, '2020-05-01'),
	(9229, 17, 148.29, 0.0256255, '2020-05-01'),
	(9230, 20, 77.67, 0.02987, '2020-05-01'),
	(9231, 23, 37.64, 0.0393199, '2020-05-01'),
	(9232, 27, 284.51, 0.015184, '2020-05-01'),
	(9233, 21, 174.57, 0.0113994, '2020-05-01'),
	(9234, 15, 121.87, 0.0531714, '2020-05-01'),
	(9235, 29, 175.57, 0.00598052, '2020-05-01'),
	(9236, 26, 61.11, 0.04811, '2020-05-01'),
	(9237, 25, 96.05, 0.0341489, '2020-05-01'),
	(9238, 31, 282.79, 0.0204774, '2020-05-01'),
	(9239, 12, 6.5, 0.00615385, '2020-05-01'),
	(9240, 8, 45.6, 0.035307, '2020-05-01'),
	(9241, 22, 85.54, 0.0108721, '2020-05-01'),
	(9242, 1, 148.6, 0.0389637, '2020-05-01'),
	(9243, 13, 177.1, 0.025974, '2020-05-01'),
	(9244, 9, 105.5, 0.0166825, '2020-05-01'),
	(9245, 19, 182.66, 0.0263878, '2020-05-01'),
	(9246, 16, 57.47, 0.0221855, '2020-05-01'),
	(9247, 5, 110.88, 0.0356241, '2020-05-01'),
	(9248, 11, 43.14, 0.0795086, '2020-05-01'),
	(9249, 24, 116.82, 0.0255401, '2020-05-01'),
	(9250, 2, 88.32, 0.0190217, '2020-05-01'),
	(9251, 14, 218.57, 0.0248891, '2020-05-01'),
	(9252, 4, 133.37, 0.0616331, '2020-05-01'),
	(9253, 30, 122.92, 0.017247, '2020-05-01'),
	(9293, 10, 44.72, 0.0483005, '2020-05-04'),
	(9294, 3, 293.16, 0.0105062, '2020-05-04'),
	(9295, 7, 41.35, 0.0338573, '2020-05-04'),
	(9296, 6, 91.44, 0.0531496, '2020-05-04'),
	(9297, 28, 56.24, 0.0435188, '2020-05-04'),
	(9298, 18, 92.14, 0.0379857, '2020-05-04'),
	(9299, 17, 148.27, 0.0256289, '2020-05-04'),
	(9300, 20, 76.86, 0.0301848, '2020-05-04'),
	(9301, 23, 37.62, 0.0393408, '2020-05-04'),
	(9302, 27, 287.54, 0.015024, '2020-05-04'),
	(9303, 21, 178.84, 0.0111273, '2020-05-04'),
	(9304, 15, 121.68, 0.0532544, '2020-05-04'),
	(9305, 29, 176.15, 0.00624468, '2020-05-04'),
	(9306, 26, 58.85, 0.0499575, '2020-05-04'),
	(9307, 25, 96.91, 0.0338458, '2020-05-04'),
	(9308, 31, 283.57, 0.0204211, '2020-05-04'),
	(9309, 12, 6.21, 0.00644122, '2020-05-04'),
	(9310, 8, 45.14, 0.0356668, '2020-05-04'),
	(9311, 22, 85.75, 0.0108455, '2020-05-04'),
	(9312, 1, 148.4, 0.0390162, '2020-05-04'),
	(9313, 13, 176.03, 0.0261319, '2020-05-04'),
	(9314, 9, 103.18, 0.0170576, '2020-05-04'),
	(9315, 19, 181.87, 0.0265024, '2020-05-04'),
	(9316, 16, 57.99, 0.0219865, '2020-05-04'),
	(9317, 5, 107.72, 0.0366691, '2020-05-04'),
	(9318, 11, 44.88, 0.0775401, '2020-05-04'),
	(9319, 24, 115.77, 0.0257718, '2020-05-04'),
	(9320, 2, 86.38, 0.0194489, '2020-05-04'),
	(9321, 14, 221.84, 0.0245222, '2020-05-04'),
	(9322, 4, 131.46, 0.0625285, '2020-05-04'),
	(9323, 30, 123.7, 0.0171382, '2020-05-04'),
	(9363, 10, 44.69, 0.048333, '2020-05-05'),
	(9364, 3, 297.56, 0.0103509, '2020-05-05'),
	(9365, 7, 41.46, 0.0337675, '2020-05-05'),
	(9366, 6, 92.89, 0.0523199, '2020-05-05'),
	(9367, 28, 56.51, 0.0433109, '2020-05-05'),
	(9368, 18, 92, 0.0380435, '2020-05-05'),
	(9369, 17, 149.5, 0.0254181, '2020-05-05'),
	(9370, 20, 78.01, 0.0297398, '2020-05-05'),
	(9371, 23, 38.51, 0.0384316, '2020-05-05'),
	(9372, 27, 293.04, 0.014742, '2020-05-05'),
	(9373, 21, 180.76, 0.0110091, '2020-05-05'),
	(9374, 15, 122.58, 0.0528634, '2020-05-05'),
	(9375, 29, 178.44, 0.00616454, '2020-05-05'),
	(9376, 26, 59, 0.0498305, '2020-05-05'),
	(9377, 25, 96.85, 0.0338668, '2020-05-05'),
	(9378, 31, 286.19, 0.0202341, '2020-05-05'),
	(9379, 12, 6.2, 0.00645161, '2020-05-05'),
	(9380, 8, 45.4, 0.0354626, '2020-05-05'),
	(9381, 22, 87.2, 0.0106651, '2020-05-05'),
	(9382, 1, 147.43, 0.0392729, '2020-05-05'),
	(9383, 13, 178.3, 0.0257992, '2020-05-05'),
	(9384, 9, 101.06, 0.0174154, '2020-05-05'),
	(9385, 19, 179.24, 0.0268913, '2020-05-05'),
	(9386, 16, 58.75, 0.0217021, '2020-05-05'),
	(9387, 5, 108.91, 0.0362685, '2020-05-05'),
	(9388, 11, 44.83, 0.0776266, '2020-05-05'),
	(9389, 24, 116.01, 0.0257185, '2020-05-05'),
	(9390, 2, 86.74, 0.0193682, '2020-05-05'),
	(9391, 14, 225.61, 0.0241124, '2020-05-05'),
	(9392, 4, 125.4, 0.0655502, '2020-05-05'),
	(9393, 30, 124.73, 0.0169967, '2020-05-05'),
	(9433, 10, 44.04, 0.0299728, '2020-05-06'),
	(9434, 3, 300.63, 0.0102452, '2020-05-06'),
	(9435, 7, 41.15, 0.0340219, '2020-05-06'),
	(9436, 6, 90.05, 0.05397, '2020-05-06'),
	(9437, 28, 55.64, 0.0439881, '2020-05-06'),
	(9438, 18, 90.27, 0.0387726, '2020-05-06'),
	(9439, 17, 148.08, 0.0256618, '2020-05-06'),
	(9440, 20, 77.12, 0.030083, '2020-05-06'),
	(9441, 23, 38.51, 0.0384316, '2020-05-06'),
	(9442, 27, 288.77, 0.01496, '2020-05-06'),
	(9443, 21, 182.54, 0.0109017, '2020-05-06'),
	(9444, 15, 123.17, 0.0526102, '2020-05-06'),
	(9445, 29, 178.78, 0.00615281, '2020-05-06'),
	(9446, 26, 57.92, 0.0507597, '2020-05-06'),
	(9447, 25, 93.29, 0.0351592, '2020-05-06'),
	(9448, 31, 284.25, 0.0203722, '2020-05-06'),
	(9449, 12, 5.98, 0.00668896, '2020-05-06'),
	(9450, 8, 44.75, 0.0359777, '2020-05-06'),
	(9451, 22, 88.44, 0.0105156, '2020-05-06'),
	(9452, 1, 146.2, 0.0396033, '2020-05-06'),
	(9453, 13, 176.92, 0.0260005, '2020-05-06'),
	(9454, 9, 100.88, 0.0174465, '2020-05-06'),
	(9455, 19, 176.97, 0.0272363, '2020-05-06'),
	(9456, 16, 59.18, 0.0215444, '2020-05-06'),
	(9457, 5, 107.67, 0.0366862, '2020-05-06'),
	(9458, 11, 43.99, 0.0791089, '2020-05-06'),
	(9459, 24, 113.1, 0.0263802, '2020-05-06'),
	(9460, 2, 84, 0.02, '2020-05-06'),
	(9461, 14, 223.92, 0.0242944, '2020-05-06'),
	(9462, 4, 121.86, 0.0674545, '2020-05-06'),
	(9463, 30, 123.3, 0.0171938, '2020-05-06'),
	(9503, 10, 44.76, 0.0294906, '2020-05-07'),
	(9504, 3, 303.74, 0.0101403, '2020-05-07'),
	(9505, 7, 41.37, 0.0338409, '2020-05-07'),
	(9506, 6, 92.64, 0.0524611, '2020-05-07'),
	(9507, 28, 55.58, 0.0440356, '2020-05-07'),
	(9508, 18, 91.21, 0.038373, '2020-05-07'),
	(9509, 17, 147.59, 0.025747, '2020-05-07'),
	(9510, 20, 75.6, 0.0306878, '2020-05-07'),
	(9511, 23, 36.96, 0.0400433, '2020-05-07'),
	(9512, 27, 285, 0.0151579, '2020-05-07'),
	(9513, 21, 183.6, 0.0108388, '2020-05-07'),
	(9514, 15, 121.23, 0.0534521, '2020-05-07'),
	(9515, 29, 182.72, 0.00602014, '2020-05-07'),
	(9516, 26, 57.01, 0.0515699, '2020-05-07'),
	(9517, 25, 95.8, 0.034238, '2020-05-07'),
	(9518, 31, 287.68, 0.0201293, '2020-05-07'),
	(9519, 12, 6.11, 0.00654664, '2020-05-07'),
	(9520, 8, 44.6, 0.0360987, '2020-05-07'),
	(9521, 22, 88.56, 0.0105014, '2020-05-07'),
	(9522, 1, 145.74, 0.0397283, '2020-05-07'),
	(9523, 13, 182.32, 0.0252304, '2020-05-07'),
	(9524, 9, 105.57, 0.0166714, '2020-05-07'),
	(9525, 19, 181.12, 0.0266122, '2020-05-07'),
	(9526, 16, 59.17, 0.0215481, '2020-05-07'),
	(9527, 5, 107.29, 0.0368161, '2020-05-07'),
	(9528, 11, 44.24, 0.0786618, '2020-05-07'),
	(9529, 24, 112.17, 0.0265989, '2020-05-07'),
	(9530, 2, 86.73, 0.0193705, '2020-05-07'),
	(9531, 14, 229.45, 0.0237089, '2020-05-07'),
	(9532, 4, 128.65, 0.0638943, '2020-05-07'),
	(9533, 30, 121.89, 0.0173927, '2020-05-07');
/*!40000 ALTER TABLE `stock_history` ENABLE KEYS */;

-- Dumping structure for table dod_db.user
CREATE TABLE IF NOT EXISTS `user` (
  `user_id` int(11) NOT NULL AUTO_INCREMENT,
  `email` varchar(50) DEFAULT NULL,
  `created_date` date DEFAULT NULL,
  `access_token` varchar(255) DEFAULT NULL,
  `refresh_token` varchar(255) DEFAULT NULL,
  `role` varchar(20) DEFAULT NULL,
  `active` tinyint(4) NOT NULL DEFAULT '1',
  PRIMARY KEY (`user_id`)
) ENGINE=InnoDB AUTO_INCREMENT=8746 DEFAULT CHARSET=latin1;

-- Dumping data for table dod_db.user: ~9 rows (approximately)
/*!40000 ALTER TABLE `user` DISABLE KEYS */;
INSERT IGNORE INTO `user` (`user_id`, `email`, `created_date`, `access_token`, `refresh_token`, `role`, `active`) VALUES
	(0, 'test@test.com', '2020-05-10', 'test', NULL, 'user', 1),
	(1, 'alper.ozdamar@gmail.com', '2020-02-15', 'ya29.a0Ae4lvC007fJTLog5SSi0odFYodQ-RRvs_k3qcQZeOQ4Tumoer1YY1ztn2arZF1ZppDbmOUqsDgcL5hPxH3e3QTm9HBdkNqED5A6hIiGbecNryqeV30B_L9oVJM2P9IhhdoRXGxVvXBtpTShM49ZMgp2hPFD7pmwcmYM', NULL, 'admin', 1),
	(2202, 'phuhiep11395@gmail.com', '2020-03-07', 'ya29.a0Ae4lvC0dt6ymC08N6MoqXLn3MR4RMfaAi-THAQkCLm3gbWQn-XRJQE8VaOLvCOdK9BD6xqVNgHgtWz3rrvHEQzH-in1YNJYT0O2cNiDXPrmvkkRnbAtfnGLC3wcmPClD1oj42xddavkN7-HCLthJLKcWuRJFBTCaGSPd5Q', '', 'admin', 1),
	(2284, 'ajha6@dons.usfca.edu', '2020-03-15', 'ya29.a0Adw1xeVG25P7ZVY2x7A6yUtxudXLOj5kkbBPP4OBDBASMJ4_NOKk1_0tQx2UZHE6drzqIFD33MjXW7c4ZjWERVUkkPA5-Q9bLWNlNb9u96P9jN5egKSYpmYIu7TyGbZmDf7wxSE52JUd125rOPNBrxPs6RZzh4PV6Zs', NULL, 'user', 1),
	(2285, 'anuragjha025@gmail.com', '2020-03-15', 'ya29.a0Ae4lvC0EYO3fmz3QvQ-uzyrDO1uSQvmecxVE5OyGhv_Nz4RQXINwyjnQypLCRm-_DKBUdlN-aC5cJm7xMMPXKe4ZnW3Re7WXVsMI9LovJt9pUM5ewnJpIy690VpS6g5O2shtxnENuwwxuA98i5l4jDNCSEv-McYNk0s', '', 'admin', 1),
	(4926, 'hpbui@dons.usfca.edu', '2020-03-31', 'ya29.a0Ae4lvC1v0in9v5obl4o3fx49asmoofcRHhj6-U_vK1xfTLSwhmp-rBbU1kMu9AzCNgXgHmAPs6w_B8N_JCb2ZLGC8iPk22Hpn3ZarGSCR1D5W1SHpmW4i9s2BFF6xzkj1x0YexbIwsEW3Gp_DFnGlxoQiT3KxvIU-OBSOQ', '', 'user', 1),
	(8663, 'jadiefreitag@gmail.com', '2020-04-24', 'ya29.a0Ae4lvC13oESuN_EPnS2ejxRyf6QPfXoFh6D8HWg7NJE-psSVChE2hdNfCUjnpR9ez__gU3LM5wpYm5NIlkhIYFi86uQGx0pH1-k1r_vxz0cV78tWFM8QAzpyibvZG3U74ONp5_KaPkSJTznFWxsen3y82KJUJAQd6mw', '', 'user', 1),
	(8664, 'hinhcuatrieuhiep@gmail.com', '2020-04-24', 'ya29.a0Ae4lvC03dVe6SNEimQCAiMvr703sw8MOUl4wiQyQUAsgSxZ5hoKxEM8t-jhIawM8_LI-HAtBzzg-YVv8bNhViDvCOnLkpDu_uyo3RR5IXtxmxl5-hpDNKryaiJ1-M3vKeR5yeeNMwqlFnA0IavzvKGmNgdONVfPDGQpN', '', 'user', 1),
	(8720, 'saozdamar@dons.usfca.edu', '2020-04-24', 'ya29.a0Ae4lvC148KbJBmmK1Zn7PWkC2a3AaTIqpRShUzUDthZ6mUpkkCD3jur-fQDCCW1ARdfA2kW0XZ3veuosA3vQpMpo8vntdPZyXlNVEgUDcAPpx0kba5QZGfA4qZeE44hwR9GNp-8Dmf6HbdW4lenCVGYnhx4QNTBCXVA', '', 'user', 1),
	(8744, 'trieutlh@gmail.com', '2020-04-26', 'ya29.a0Ae4lvC1LEX6EywwjjZ8qeclGt4WNHz2RKH-4dyCedNRhabBcbhCJ1WvP5nOUQl_J_OeQnzXNPngqrzfMCHqeXu63rbtqfPO65DIe6p2MzHdB-xlCNzMZbFyHGxw6_as8o8_N69d4vC6c1Ly9_XGzZmZ_MdYlygBrzwU', '', 'user', 1);
/*!40000 ALTER TABLE `user` ENABLE KEYS */;

-- Dumping structure for table dod_db.user_profit
CREATE TABLE IF NOT EXISTS `user_profit` (
  `id` int(11) NOT NULL AUTO_INCREMENT,
  `user_id` int(11) DEFAULT NULL,
  `date` date DEFAULT NULL,
  `stock_id` int(11) DEFAULT NULL,
  `invested_amount` float DEFAULT NULL,
  `user_profit` float DEFAULT NULL,
  `total_amount` float DEFAULT NULL,
  `snp500_profit` float DEFAULT NULL,
  PRIMARY KEY (`id`),
  KEY `FK1_USER_PROFIT_USERID` (`user_id`),
  KEY `idx_date` (`date`),
  CONSTRAINT `FK1_USER_PROFIT_USERID` FOREIGN KEY (`user_id`) REFERENCES `user` (`user_id`)
) ENGINE=InnoDB AUTO_INCREMENT=9959 DEFAULT CHARSET=latin1;

-- Dumping data for table dod_db.user_profit: ~215 rows (approximately)
/*!40000 ALTER TABLE `user_profit` DISABLE KEYS */;
INSERT IGNORE INTO `user_profit` (`id`, `user_id`, `date`, `stock_id`, `invested_amount`, `user_profit`, `total_amount`, `snp500_profit`) VALUES
	(1917, 1, '2020-03-06', 1, 8000, 16584, 24584, 0),
	(1918, 1, '2020-03-06', 2, 6000, -3835.2, 2164.8, 0),
	(1919, 1, '2020-03-06', 0, 14000, 12748.8, 26748.8, 0),
	(2199, 1, '2020-03-06', 1, 8000, 16584, 24584, 0),
	(2200, 1, '2020-03-06', 2, 6000, -3835.2, 2164.8, 0),
	(2201, 1, '2020-03-06', 0, 14000, 12748.8, 26748.8, 0),
	(2665, 1, '2020-03-18', 1, 8000, 13923.2, 21923.2, 0),
	(2666, 1, '2020-03-18', 2, 6000, -4525, 1475, 0),
	(2667, 1, '2020-03-18', 0, 14000, 9398.2, 23398.2, 0),
	(2668, 1, '2020-03-18', 1, 8000, 13923.2, 21923.2, 0),
	(2669, 1, '2020-03-18', 2, 6000, -4525, 1475, 0),
	(2670, 1, '2020-03-18', 0, 14000, 9398.2, 23398.2, 0),
	(2671, 1, '2020-03-18', 1, 8000, 13923.2, 21923.2, 0),
	(2672, 1, '2020-03-18', 2, 6000, -4525, 1475, 0),
	(2673, 1, '2020-03-18', 0, 14000, 9398.2, 23398.2, 0),
	(2674, 2202, '2020-03-18', 3, 6000, -1066.6, 4933.4, 0),
	(2675, 2202, '2020-03-18', 0, 6000, -1066.6, 4933.4, 0),
	(2676, 1, '2020-03-18', 1, 8000, 13923.2, 21923.2, 0),
	(2677, 1, '2020-03-18', 2, 6000, -4525, 1475, 0),
	(2678, 1, '2020-03-18', 0, 14000, 9398.2, 23398.2, 0),
	(2679, 2202, '2020-03-18', 3, 6000, -1066.6, 4933.4, 0),
	(2680, 2202, '2020-03-18', 0, 6000, -1066.6, 4933.4, 0),
	(2681, 1, '2020-03-18', 1, 8000, 13923.2, 21923.2, 0),
	(2682, 1, '2020-03-18', 2, 6000, -4525, 1475, 0),
	(2683, 1, '2020-03-18', 0, 14000, 9398.2, 23398.2, 0),
	(2684, 2202, '2020-03-18', 3, 6000, -1066.6, 4933.4, 0),
	(2685, 2202, '2020-03-18', 0, 6000, -1066.6, 4933.4, 0),
	(7670, 1, '2020-04-13', 2, 6000, -4193.4, 1806.6, 0),
	(7671, 1, '2020-04-13', 0, 6000, -4193.4, 1806.6, 0),
	(7672, 2202, '2020-04-13', 1, 168000, 77952, 245952, 0),
	(7673, 2202, '2020-04-13', 3, 6000, -535, 5465, 0),
	(7674, 2202, '2020-04-13', 0, 174000, 77417, 251417, 0),
	(7675, 4926, '2020-04-13', 5, 30000, 15656, 45656, 0),
	(7676, 4926, '2020-04-13', 0, 30000, 15656, 45656, 0),
	(7755, 1, '2020-04-14', 2, 6000, -4232.2, 1767.8, 0),
	(7756, 1, '2020-04-14', 0, 6000, -4232.2, 1767.8, 0),
	(7757, 2202, '2020-04-14', 1, 168000, 84235.2, 252235, 0),
	(7758, 2202, '2020-04-14', 3, 6000, -259, 5741, 0),
	(7759, 2202, '2020-04-14', 0, 174000, 83976.2, 257976, 0),
	(7760, 4926, '2020-04-14', 5, 30000, 16592, 46592, 0),
	(7761, 4926, '2020-04-14', 0, 30000, 16592, 46592, 0),
	(7813, 1, '2020-04-15', 2, 6000, -4324.2, 1675.8, 0),
	(7814, 1, '2020-04-15', 0, 6000, -4324.2, 1675.8, 0),
	(7815, 2202, '2020-04-15', 1, 168000, 75868.8, 243869, 0),
	(7816, 2202, '2020-04-15', 3, 6000, -311.4, 5688.6, 0),
	(7817, 2202, '2020-04-15', 0, 174000, 75557.4, 249557, 0),
	(7818, 4926, '2020-04-15', 5, 30000, 14612, 44612, 0),
	(7819, 4926, '2020-04-15', 0, 30000, 14612, 44612, 0),
	(7924, 1, '2020-04-16', 2, 6000, -4373, 1627, 0),
	(7925, 1, '2020-04-16', 0, 6000, -4373, 1627, 0),
	(7926, 2202, '2020-04-16', 1, 168000, 75432, 243432, 0),
	(7927, 2202, '2020-04-16', 3, 104000, 222826, 326827, 0),
	(7928, 2202, '2020-04-16', 0, 272000, 298258, 570259, 0),
	(7929, 4926, '2020-04-16', 5, 50000, 6610, 56610, 0),
	(7930, 4926, '2020-04-16', 12, 10000, -9376, 624, 0),
	(7931, 4926, '2020-04-16', 0, 60000, -2766, 57234, 0),
	(7995, 1, '2020-04-17', 2, 6000, -4252.2, 1747.8, 0),
	(7996, 1, '2020-04-17', 0, 6000, -4252.2, 1747.8, 0),
	(8394, 4926, '2020-04-20', 5, 40000, 5840, 45840, 0),
	(8395, 4926, '2020-04-20', 12, 10000, -9349, 651, 0),
	(8396, 4926, '2020-04-20', 0, 50000, -3509, 46491, 0),
	(8445, 1, '2020-04-20', 2, 6000, -4319.8, 1680.2, 0),
	(8447, 1, '2020-04-20', 0, 6000, -4319.8, 1680.2, 0),
	(8452, 2202, '2020-04-20', 1, 168000, 73365.6, 241366, 0),
	(8453, 2202, '2020-04-20', 3, 104000, 211654, 315655, 0),
	(8454, 2202, '2020-04-20', 0, 272000, 285020, 557020, 0),
	(8471, 4926, '2020-04-21', 5, 40000, 3940, 43940, 0),
	(8472, 4926, '2020-04-21', 12, 10000, -9352, 648, 0),
	(8473, 4926, '2020-04-21', 0, 50000, -5412, 44588, 0),
	(8580, 1, '2020-04-21', 2, 6000, -4369.6, 1630.4, 0),
	(8581, 1, '2020-04-21', 0, 6000, -4369.6, 1630.4, 0),
	(8582, 2202, '2020-04-21', 1, 168000, 69938.4, 237938, 0),
	(8583, 2202, '2020-04-21', 3, 104000, 202090, 306090, 0),
	(8584, 2202, '2020-04-21', 0, 272000, 272028, 544028, 0),
	(8598, 2202, '2020-04-22', 1, 168000, 73264.8, 241265, 0),
	(8599, 2202, '2020-04-22', 3, 104000, 210765, 314765, 0),
	(8600, 2202, '2020-04-22', 0, 272000, 284030, 556030, 0),
	(8601, 4926, '2020-04-22', 5, 40000, 4256, 44256, 0),
	(8602, 4926, '2020-04-22', 12, 10000, -9357, 643, 0),
	(8603, 4926, '2020-04-22', 0, 50000, -5101, 44899, 0),
	(8639, 1, '2020-04-22', 2, 6000, -4349.2, 1650.8, 0),
	(8640, 1, '2020-04-22', 0, 6000, -4349.2, 1650.8, 0),
	(8657, 2202, '2020-04-23', 1, 168000, 74474.4, 242474, 0),
	(8658, 2202, '2020-04-23', 3, 104000, 209557, 313557, 0),
	(8659, 2202, '2020-04-23', 0, 272000, 284031, 556031, 0),
	(8660, 4926, '2020-04-23', 5, 40000, 5164, 45164, 0),
	(8661, 4926, '2020-04-23', 12, 10000, -9348, 652, 0),
	(8662, 4926, '2020-04-23', 0, 50000, -4184, 45816, 0),
	(8696, 1, '2020-04-23', 2, 6000, -4350.8, 1649.2, 0),
	(8697, 1, '2020-04-23', 0, 6000, -4350.8, 1649.2, 0),
	(8712, 1, '2020-04-24', 2, 6000, -4336.6, 1663.4, 0),
	(8713, 1, '2020-04-24', 0, 6000, -4336.6, 1663.4, 0),
	(8717, 4926, '2020-04-24', 5, 40000, 5616, 45616, 0),
	(8718, 4926, '2020-04-24', 12, 10000, -9374, 626, 0),
	(8719, 4926, '2020-04-24', 0, 50000, -3758, 46242, 0),
	(8909, 8720, '2020-04-24', 2, 0, 83.17, 83.17, 0),
	(8910, 8720, '2020-04-24', 0, 0, 83.17, 83.17, 0),
	(8911, 2202, '2020-04-24', 1, 168000, 78960, 246960, 0),
	(8912, 2202, '2020-04-24', 3, 104000, 218563, 322563, 0),
	(8913, 2202, '2020-04-24', 0, 272000, 297523, 569523, 0),
	(8927, 2202, '2020-04-27', 1, 168000, 90132, 258132, 0),
	(8928, 2202, '2020-04-27', 3, 104000, 218420, 322420, 0),
	(8929, 2202, '2020-04-27', 0, 272000, 308552, 580552, 0),
	(8930, 4926, '2020-04-27', 5, 40000, 6080, 46080, 0),
	(8931, 4926, '2020-04-27', 12, 10000, -9357, 643, 0),
	(8932, 4926, '2020-04-27', 0, 50000, -3277, 46723, 0),
	(8964, 8720, '2020-04-27', 2, 0, 85.06, 85.06, 0),
	(8965, 8720, '2020-04-27', 0, 0, 85.06, 85.06, 0),
	(8980, 8720, '2020-04-28', 2, 0, 88.19, 88.19, 0),
	(8981, 8720, '2020-04-28', 0, 0, 88.19, 88.19, 0),
	(8982, 2202, '2020-04-28', 1, 168000, 96784.8, 264785, 0),
	(8983, 2202, '2020-04-28', 3, 104000, 213820, 317821, 0),
	(8984, 2202, '2020-04-28', 0, 272000, 310605, 582605, 0),
	(8985, 4926, '2020-04-28', 5, 40000, 6184, 46184, 0),
	(8986, 4926, '2020-04-28', 12, 10000, -9320, 680, 0),
	(8987, 4926, '2020-04-28', 0, 50000, -3136, 46864, 0),
	(9103, 8720, '2020-04-29', 2, 0, 96.12, 96.12, 0),
	(9104, 8720, '2020-04-29', 0, 0, 96.12, 96.12, 0),
	(9105, 2202, '2020-04-29', 1, 168000, 94516.8, 262517, 0),
	(9106, 2202, '2020-04-29', 3, 104000, 224012, 328012, 0),
	(9107, 2202, '2020-04-29', 0, 272000, 318529, 590529, 0),
	(9108, 2285, '2020-04-29', 3, 1000, 438.65, 1438.65, 0),
	(9109, 2285, '2020-04-29', 12, 3000, -2342, 658, 0),
	(9110, 2285, '2020-04-29', 15, 900, -256.55, 643.45, 0),
	(9111, 2285, '2020-04-29', 0, 4900, -2159.9, 2740.1, 0),
	(9112, 4926, '2020-04-29', 5, 40000, 8024, 48024, 0),
	(9113, 4926, '2020-04-29', 12, 10000, -9342, 658, 0),
	(9114, 4926, '2020-04-29', 0, 50000, -1318, 48682, 0),
	(9210, 8720, '2020-04-30', 2, 0, 91.25, 91.25, 0),
	(9211, 8720, '2020-04-30', 0, 0, 91.25, 91.25, 0),
	(9212, 2202, '2020-04-30', 1, 168000, 87225.6, 255226, 0),
	(9213, 2202, '2020-04-30', 3, 104000, 230932, 334932, 0),
	(9214, 2202, '2020-04-30', 0, 272000, 318157, 590158, 0),
	(9215, 2285, '2020-04-30', 3, 1000, 469, 1469, 0),
	(9216, 2285, '2020-04-30', 4, 13000, 1102, 14102, 0),
	(9217, 2285, '2020-04-30', 15, 900, -272.2, 627.8, 0),
	(9218, 2285, '2020-04-30', 0, 14900, 1298.8, 16198.8, 0),
	(9219, 4926, '2020-04-30', 3, 12500, 2190, 14690, 0),
	(9220, 4926, '2020-04-30', 5, 40000, 6552, 46552, 0),
	(9221, 4926, '2020-04-30', 12, 10000, -9320, 680, 0),
	(9222, 4926, '2020-04-30', 0, 62500, -578.001, 61922, 0),
	(9280, 8720, '2020-05-01', 2, 0, 88.32, 88.32, 0),
	(9281, 8720, '2020-05-01', 0, 0, 88.32, 88.32, 0),
	(9282, 2202, '2020-05-01', 1, 168000, 81648, 249648, 0),
	(9283, 2202, '2020-05-01', 3, 104000, 225540, 329540, 0),
	(9284, 2202, '2020-05-01', 0, 272000, 307188, 579188, 0),
	(9285, 2285, '2020-05-01', 3, 1000, 445.35, 1445.35, 0),
	(9286, 2285, '2020-05-01', 4, 13000, 337, 13337, 0),
	(9287, 2285, '2020-05-01', 15, 900, -290.65, 609.35, 0),
	(9288, 2285, '2020-05-01', 0, 14900, 491.7, 15391.7, 0),
	(9289, 4926, '2020-05-01', 3, 12500, 1953.5, 14453.5, 0),
	(9290, 4926, '2020-05-01', 5, 40000, 4352, 44352, 0),
	(9291, 4926, '2020-05-01', 12, 10000, -9350, 650, 0),
	(9292, 4926, '2020-05-01', 0, 62500, -3044.5, 59455.5, 0),
	(9350, 8720, '2020-05-04', 2, 0, 86.38, 86.38, 0),
	(9351, 8720, '2020-05-04', 0, 0, 86.38, 86.38, 0),
	(9352, 2202, '2020-05-04', 1, 168000, 81312, 249312, 0),
	(9353, 2202, '2020-05-04', 3, 104000, 230202, 334202, 0),
	(9354, 2202, '2020-05-04', 0, 272000, 311514, 583514, 0),
	(9355, 2285, '2020-05-04', 3, 1000, 465.8, 1465.8, 0),
	(9356, 2285, '2020-05-04', 4, 13000, 146.001, 13146, 0),
	(9357, 2285, '2020-05-04', 15, 900, -291.6, 608.4, 0),
	(9358, 2285, '2020-05-04', 0, 14900, 320.201, 15220.2, 0),
	(9359, 4926, '2020-05-04', 3, 12500, 2158, 14658, 0),
	(9360, 4926, '2020-05-04', 5, 40000, 3088, 43088, 0),
	(9361, 4926, '2020-05-04', 12, 10000, -9379, 621, 0),
	(9362, 4926, '2020-05-04', 0, 62500, -4133, 58367, 0),
	(9420, 8720, '2020-05-05', 2, 0, 86.74, 86.74, 0),
	(9421, 8720, '2020-05-05', 0, 0, 86.74, 86.74, 0),
	(9422, 2202, '2020-05-05', 1, 168000, 79682.4, 247682, 0),
	(9423, 2202, '2020-05-05', 3, 104000, 235218, 339218, 0),
	(9424, 2202, '2020-05-05', 0, 272000, 314901, 586901, 0),
	(9425, 2285, '2020-05-05', 3, 1000, 487.8, 1487.8, 0),
	(9426, 2285, '2020-05-05', 4, 13000, -460, 12540, 0),
	(9427, 2285, '2020-05-05', 15, 900, -287.1, 612.9, 0),
	(9428, 2285, '2020-05-05', 0, 14900, -259.3, 14640.7, 0),
	(9429, 4926, '2020-05-05', 3, 12500, 2378, 14878, 0),
	(9430, 4926, '2020-05-05', 5, 40000, 3564, 43564, 0),
	(9431, 4926, '2020-05-05', 12, 10000, -9380, 620, 0),
	(9432, 4926, '2020-05-05', 0, 62500, -3438, 59062, 0),
	(9490, 8720, '2020-05-06', 2, 0, 84, 84, 0),
	(9491, 8720, '2020-05-06', 0, 0, 84, 84, 0),
	(9492, 2202, '2020-05-06', 1, 168000, 77616, 245616, 0),
	(9493, 2202, '2020-05-06', 3, 104000, 238718, 342718, 0),
	(9494, 2202, '2020-05-06', 0, 272000, 316334, 588334, 0),
	(9495, 2285, '2020-05-06', 3, 1000, 503.15, 1503.15, 0),
	(9496, 2285, '2020-05-06', 4, 13000, -814, 12186, 0),
	(9497, 2285, '2020-05-06', 15, 900, -284.15, 615.85, 0),
	(9498, 2285, '2020-05-06', 0, 14900, -595, 14305, 0),
	(9499, 4926, '2020-05-06', 3, 12500, 2531.5, 15031.5, 0),
	(9500, 4926, '2020-05-06', 5, 40000, 3068, 43068, 0),
	(9501, 4926, '2020-05-06', 12, 10000, -9402, 598, 0),
	(9502, 4926, '2020-05-06', 0, 62500, -3802.5, 58697.5, 0),
	(9560, 8720, '2020-05-07', 2, 0, 86.73, 86.73, 0),
	(9561, 8720, '2020-05-07', 0, 0, 86.73, 86.73, 0),
	(9562, 2202, '2020-05-07', 1, 168000, 76843.2, 244843, 0),
	(9563, 2202, '2020-05-07', 3, 104000, 242263, 346264, 0),
	(9564, 2202, '2020-05-07', 0, 272000, 319107, 591107, 0),
	(9565, 2285, '2020-05-07', 3, 1000, 518.7, 1518.7, 0),
	(9566, 2285, '2020-05-07', 4, 13000, -135.001, 12865, 0),
	(9567, 2285, '2020-05-07', 15, 900, -293.85, 606.15, 0),
	(9568, 2285, '2020-05-07', 0, 14900, 89.849, 14989.8, 0),
	(9569, 4926, '2020-05-07', 3, 12500, 2687, 15187, 0),
	(9570, 4926, '2020-05-07', 5, 40000, 2916, 42916, 0),
	(9571, 4926, '2020-05-07', 12, 10000, -9389, 611, 0),
	(9572, 4926, '2020-05-07', 0, 62500, -3786, 58714, 0),
	(9630, 8720, '2020-05-08', 2, 0, 89.5, 89.5, 0),
	(9631, 8720, '2020-05-08', 0, 0, 89.5, 89.5, 0),
	(9632, 2202, '2020-05-08', 1, 168000, 81496.8, 249497, 0),
	(9633, 2202, '2020-05-08', 3, 104000, 249548, 353548, 0),
	(9634, 2202, '2020-05-08', 0, 272000, 331045, 603045, 0),
	(9635, 2285, '2020-05-08', 3, 1000, 550.65, 1550.65, 0),
	(9636, 2285, '2020-05-08', 4, 13000, 344, 13344, 0),
	(9637, 2285, '2020-05-08', 15, 900, -285.05, 614.95, 0),
	(9638, 2285, '2020-05-08', 0, 14900, 609.6, 15509.6, 0),
	(9639, 4926, '2020-05-08', 3, 12500, 3006.5, 15506.5, 0),
	(9640, 4926, '2020-05-08', 5, 40000, 4844, 44844, 0),
	(9641, 4926, '2020-05-08', 12, 10000, -9371, 629, 0),
	(9642, 4926, '2020-05-08', 0, 62500, -1520.5, 60979.5, 0);
/*!40000 ALTER TABLE `user_profit` ENABLE KEYS */;

-- Dumping structure for table dod_db.user_stock
CREATE TABLE IF NOT EXISTS `user_stock` (
  `user_id` int(11) NOT NULL,
  `stock_id` int(11) NOT NULL,
  `stock_average_price` float DEFAULT NULL,
  `stock_quantity` int(11) DEFAULT NULL,
  `updated_date` timestamp NOT NULL DEFAULT CURRENT_TIMESTAMP ON UPDATE CURRENT_TIMESTAMP,
  `is_owned` int(11) DEFAULT NULL,
  PRIMARY KEY (`user_id`,`stock_id`),
  KEY `FK2_USER_STOCK_STOCKID` (`stock_id`),
  CONSTRAINT `FK1_USER_STOCK_USERID` FOREIGN KEY (`user_id`) REFERENCES `user` (`user_id`),
  CONSTRAINT `FK2_USER_STOCK_STOCKID` FOREIGN KEY (`stock_id`) REFERENCES `stock` (`stock_id`)
) ENGINE=InnoDB DEFAULT CHARSET=latin1;

-- Dumping data for table dod_db.user_stock: ~9 rows (approximately)
/*!40000 ALTER TABLE `user_stock` DISABLE KEYS */;
INSERT IGNORE INTO `user_stock` (`user_id`, `stock_id`, `stock_average_price`, `stock_quantity`, `updated_date`, `is_owned`) VALUES
	(2202, 1, 100, 1680, '2020-04-09 21:27:13', 1),
	(2202, 3, 91.2283, 1140, '2020-04-16 16:25:04', 1),
	(2285, 3, 200, 5, '2020-04-30 04:05:00', 1),
	(2285, 4, 130, 100, '2020-04-30 19:33:29', 1),
	(2285, 15, 180, 5, '2020-04-30 04:05:25', 1),
	(4926, 3, 250, 50, '2020-04-30 22:29:04', 1),
	(4926, 5, 100, 400, '2020-04-17 17:20:39', 1),
	(4926, 12, 100, 100, '2020-04-17 01:10:16', 1),
	(8720, 2, 0, 1, '2020-04-24 23:22:38', 1);
/*!40000 ALTER TABLE `user_stock` ENABLE KEYS */;

-- Dumping structure for table dod_db.user_stock_activity
CREATE TABLE IF NOT EXISTS `user_stock_activity` (
  `id` int(11) NOT NULL AUTO_INCREMENT,
  `user_id` int(11) DEFAULT NULL,
  `stock_id` int(11) DEFAULT NULL,
  `stock_quantity` int(11) DEFAULT NULL,
  `stock_price` float DEFAULT NULL,
  `buy_date` timestamp NULL DEFAULT NULL,
  `sell_date` timestamp NULL DEFAULT NULL,
  `active` int(11) DEFAULT NULL,
  PRIMARY KEY (`id`),
  KEY `FK1_USER_STOCK_ACT_USERID` (`user_id`),
  KEY `FK2_USER_STOCK_ACT_STOCKID` (`stock_id`),
  CONSTRAINT `FK1_USER_STOCK_ACT_USERID` FOREIGN KEY (`user_id`) REFERENCES `user` (`user_id`),
  CONSTRAINT `FK2_USER_STOCK_ACT_STOCKID` FOREIGN KEY (`stock_id`) REFERENCES `stock` (`stock_id`)
) ENGINE=InnoDB AUTO_INCREMENT=9153 DEFAULT CHARSET=latin1 COMMENT='This is for keeping track of user stock activity when they do rebalance.';

-- Dumping data for table dod_db.user_stock_activity: ~93 rows (approximately)
/*!40000 ALTER TABLE `user_stock_activity` DISABLE KEYS */;
INSERT IGNORE INTO `user_stock_activity` (`id`, `user_id`, `stock_id`, `stock_quantity`, `stock_price`, `buy_date`, `sell_date`, `active`) VALUES
	(9, 1, 1, 10, 5, '2020-02-23 02:20:39', NULL, 1),
	(10, 1, 2, 20, 2.5, '2020-02-23 02:20:40', NULL, 1),
	(11, 1, 1, 10, 5.5, '2020-02-23 05:03:20', NULL, 1),
	(12, 1, 1, 10, 5.5, '2020-02-23 05:04:57', NULL, 1),
	(13, 1, 1, 10, 5.5, '2020-02-23 05:07:08', NULL, 1),
	(14, 1, 1, 10, 5.5, '2020-02-23 05:10:11', NULL, 1),
	(297, 1, 1, 10, 5.5, '2020-02-23 21:32:52', NULL, 1),
	(298, 1, 1, 10, 5.5, '2020-02-23 21:35:05', NULL, 1),
	(299, 1, 1, 10, 5.5, '2020-02-23 21:36:14', NULL, 1),
	(300, 1, 1, 10, 5.5, '2020-02-23 21:36:51', NULL, 1),
	(301, 1, 1, 10, 5.5, '2020-02-23 21:42:30', NULL, 1),
	(302, 1, 1, 10, 5.5, '2020-02-23 21:45:37', NULL, 1),
	(303, 1, 1, 10, 5.5, '2020-02-23 21:46:17', NULL, 1),
	(334, 1, 1, 10, 5.5, '2020-02-23 21:52:08', NULL, 1),
	(335, 1, 1, 10, 5.5, '2020-02-23 21:52:33', NULL, 1),
	(366, 1, 1, 10, 5.5, '2020-02-23 22:25:22', NULL, 1),
	(427, 1, 1, 10, 5.5, '2020-02-23 23:45:04', NULL, 1),
	(428, 1, 1, 10, 5.5, '2020-02-23 23:45:14', NULL, 1),
	(1163, 1, 1, 10, 5.5, '2020-02-27 19:46:42', NULL, 1),
	(1164, 1, 1, 10, 5.5, '2020-02-27 19:51:39', NULL, 1),
	(6630, 1, 1, 100, 100, '2020-04-05 19:48:16', NULL, 1),
	(6631, 1, 1, 100, 100, '2020-04-05 20:03:53', NULL, 1),
	(6632, 1, 1, 100, 100, '2020-04-05 20:09:49', NULL, 1),
	(6633, 1, 1, 100, 100, '2020-04-05 20:12:37', NULL, 1),
	(6634, 1, 1, 100, 100, '2020-04-05 20:15:14', NULL, 1),
	(6635, 1, 1, 100, 100, '2020-04-05 20:16:27', NULL, 1),
	(6636, 1, 1, 560, 0, '2020-04-05 20:17:09', NULL, 1),
	(6637, 1, 1, 560, 100, '2020-04-05 20:19:38', NULL, 1),
	(6638, 1, 1, 560, 100, '2020-04-05 20:24:19', NULL, 1),
	(6653, 2202, 1, 560, 100, '2020-04-05 21:37:41', NULL, 1),
	(6860, 2202, 1, 560, 100, '2020-04-08 21:07:59', NULL, 1),
	(6908, 2202, 1, 560, 100, '2020-04-09 19:15:30', NULL, 1),
	(6909, 2202, 1, 560, 100, '2020-04-09 19:15:46', NULL, 1),
	(6910, 2202, 1, 560, 100, '2020-04-09 21:27:13', NULL, 1),
	(6911, 4926, 5, 0, 0, '2020-04-09 23:07:46', NULL, 1),
	(6912, 4926, 5, 0, 0, '2020-04-09 23:10:27', NULL, 1),
	(6913, 4926, 5, 200, 100, '2020-04-09 23:11:38', NULL, 1),
	(6914, 4926, 5, 200, 50, '2020-04-09 23:11:49', NULL, 1),
	(7820, 2202, 4, 560, 100, '2020-04-16 15:37:18', NULL, 1),
	(7821, 2202, 4, 560, 100, '2020-04-16 16:10:32', NULL, 1),
	(7822, 2202, 3, 560, 100, '2020-04-16 16:10:33', NULL, 1),
	(7823, 2202, 4, 560, 125, '2020-04-16 16:25:04', NULL, 1),
	(7824, 2202, 3, 560, 75, '2020-04-16 16:25:05', NULL, 1),
	(7898, 4926, 12, 100, 100, '2020-04-17 01:10:16', NULL, 1),
	(7921, 4926, 5, 100, 100, '2020-04-17 01:41:29', NULL, 1),
	(7922, 4926, 5, 100, 200, '2020-04-17 01:42:52', NULL, 1),
	(7923, 4926, 5, 100, 0, '2020-04-17 01:44:56', NULL, 1),
	(7932, 4926, 5, 100, 0, '2020-04-17 17:20:39', NULL, 1),
	(8721, 8720, 2, 1, 0, '2020-04-24 23:22:38', NULL, 1),
	(8741, 2285, 3, 1, 190, '2020-04-25 05:50:32', NULL, 1),
	(8742, 2285, 3, 1, 190, '2020-04-25 05:50:42', NULL, 1),
	(8743, 2285, 3, 2, 0, '2020-04-25 05:52:30', NULL, 1),
	(9045, 2285, 3, 5, 200, '2020-04-30 04:05:00', NULL, 1),
	(9046, 2285, 15, 5, 180, '2020-04-30 04:05:25', NULL, 1),
	(9047, 2285, 12, 100, 30, '2020-04-30 05:09:43', NULL, 1),
	(9115, 8664, 3, 100, 100, '2020-04-30 18:39:33', NULL, 1),
	(9116, 8664, 6, 100, 100, '2020-04-30 18:43:27', NULL, 1),
	(9117, 8664, 3, 100, 0, '2020-04-30 18:48:08', NULL, 1),
	(9118, 8664, 6, 100, 0, '2020-04-30 18:49:46', NULL, 1),
	(9119, 8664, 3, 100, 100, '2020-04-30 18:50:37', NULL, 1),
	(9120, 8664, 4, 100, 100, '2020-04-30 18:52:05', NULL, 1),
	(9121, 4926, 7, 200, 100, '2020-04-30 19:03:54', NULL, 1),
	(9122, 4926, 7, 200, 0, '2020-04-30 19:07:53', NULL, 1),
	(9123, 4926, 3, 100, 100, '2020-04-30 19:08:49', NULL, 1),
	(9124, 4926, 3, 100, 0, '2020-04-30 19:13:12', NULL, 1),
	(9125, 4926, 3, 100, 100, '2020-04-30 19:14:06', NULL, 1),
	(9126, 4926, 3, 100, 0, '2020-04-30 19:14:44', NULL, 1),
	(9127, 4926, 3, 100, 100, '2020-04-30 19:21:39', NULL, 1),
	(9128, 4926, 3, 100, 100, '2020-04-30 19:28:40', NULL, 1),
	(9129, 4926, 19, 100, 100, '2020-04-30 19:30:25', NULL, 1),
	(9130, 4926, 3, 100, 0, '2020-04-30 19:32:17', NULL, 1),
	(9131, 2285, 12, 100, 0, '2020-04-30 19:32:23', NULL, 1),
	(9132, 2285, 4, 100, 130, '2020-04-30 19:33:29', NULL, 1),
	(9133, 4926, 3, 100, 0, '2020-04-30 19:34:01', NULL, 1),
	(9134, 4926, 19, 100, 0, '2020-04-30 19:34:59', NULL, 1),
	(9135, 4926, 3, 100, 100, '2020-04-30 19:35:34', NULL, 1),
	(9136, 4926, 3, 100, 0, '2020-04-30 19:36:12', NULL, 1),
	(9137, 4926, 3, 100, 100, '2020-04-30 19:44:13', NULL, 1),
	(9138, 4926, 3, 100, 200, '2020-04-30 19:45:16', NULL, 1),
	(9139, 4926, 3, 200, 0, '2020-04-30 19:46:03', NULL, 1),
	(9140, 4926, 3, 100, 100, '2020-04-30 19:46:52', NULL, 1),
	(9141, 4926, 3, 100, 150, '2020-04-30 19:47:11', NULL, 1),
	(9142, 4926, 3, 100, 0, '2020-04-30 19:47:22', NULL, 1),
	(9143, 4926, 3, 100, 0, '2020-04-30 19:47:31', NULL, 1),
	(9144, 4926, 3, 100, 100, '2020-04-30 19:50:32', NULL, 1),
	(9145, 4926, 3, 100, 0, '2020-04-30 19:55:45', NULL, 1),
	(9146, 8664, 3, 100, 0, '2020-04-30 21:11:54', NULL, 1),
	(9147, 8664, 4, 100, 0, '2020-04-30 21:12:54', NULL, 1),
	(9148, 4926, 3, 100, 100, '2020-04-30 21:55:26', NULL, 1),
	(9149, 4926, 3, 100, 0, '2020-04-30 21:55:41', NULL, 1),
	(9150, 4926, 3, 200, 100, '2020-04-30 22:15:02', NULL, 1),
	(9151, 4926, 3, 200, 0, '2020-04-30 22:15:44', NULL, 1),
	(9152, 4926, 3, 50, 250, '2020-04-30 22:29:04', NULL, 1);
/*!40000 ALTER TABLE `user_stock_activity` ENABLE KEYS */;

/*!40101 SET SQL_MODE=IFNULL(@OLD_SQL_MODE, '') */;
/*!40014 SET FOREIGN_KEY_CHECKS=IF(@OLD_FOREIGN_KEY_CHECKS IS NULL, 1, @OLD_FOREIGN_KEY_CHECKS) */;
/*!40101 SET CHARACTER_SET_CLIENT=@OLD_CHARACTER_SET_CLIENT */;
